Nama Barang;Satuan;Harga
Acco Besi No. 0946 Merk Sdi;Pak;31500
Acco Plastik Merk Acco;Pak;13500
Acco Plastik Merk Joyko;Pak;8500
Acco Plastik Merk Vtec;Pak;8500
Air Mineral 200ml Gelas @48 Merk Vit;Dus;23000
Air Mineral 330ml Botol Merk Vit;Dus;33000
Air Mineral Botol 1500ml Merk Aqua;Dus;58000
Air Mineral Botol 330ml Merk Aqua;Dus;41000
Air Mineral Botol 600ml Merk Aqua;Dus;52000
Air Mineral Gelas 200/ 220ml Merk Aqua;Dus;35000
Air Minum Le Mineral 330ml;Dus;48000
Alkohol 70% 100 ml;Pcs;8500
Alumunium Foil (Jumbo) 8m x 45cm - Klinpak;Pcs;47500
Amplop (Putih) uk. Folio - Neuro;Pak;65000
Amplop Coklat (Kraft) F4 Merk Airmail;Pak;57000
Amplop Coklat 1/2 Folio - Brio;Pak;28500
Amplop Coklat 1/2 Folio - Garda;Pak;37500
Amplop Coklat 1/2 Folio - Neuro;Pak;28500
Amplop Coklat 1/2 Folio - WPS;Pak;28500
Amplop Coklat A3 - Brio;Pak;70000
Amplop Coklat A3 - Neuro;Pak;75000
Amplop Coklat A3 - Neuro (Ada Lem);Pak;84000
Amplop Coklat A3 - WPS;Pak;75000
Amplop Coklat A4 - Brio;Pak;31000
Amplop Coklat A4 - Garda;Pak;40000
Amplop Coklat A4 - Neuro;Pak;35000
Amplop Coklat A4 - Neuro (Ada Lem);Pak;42000
Amplop Coklat A4 Merk WPS;Pak;35000
Amplop Coklat Cabinet - Brio;Pak;14500
Amplop Coklat Cabinet - Garda;Pak;19000
Amplop Coklat Cabinet - Neuro;Pak;15000
Amplop Coklat Cabinet - Neuro (Ada Lem);Pak;21000
Amplop Coklat Cabinet Merk WPS;Pak;15000
Amplop Coklat Double Folio - Garda;Pak;104000
Amplop Coklat F4 Tali Merk Neuro;Pcs;880
Amplop Coklat Folio - Brio;Pak;31500
Amplop Coklat Folio - Brio (Ada Lem);Pak;45000
Amplop Coklat Folio - Garda;Pak;41000
Amplop Coklat Folio - Neuro;Pak;35500
Amplop Coklat Folio - Neuro (Ada Lem);Pak;45000
Amplop Coklat Folio - WPS;Pak;35500
Amplop Coklat Folio Merk Executive;Pak;31500
Amplop Coklat Map - Neuro;Pak;54000
Amplop Coklat Quarto - Neuro;Pak;31000
Amplop Coklat Super Cabinet - Brio;Pak;22000
Amplop Coklat Super Cabinet - Neuro;Pak;22000
Amplop Coklat Super Cabinet - Neuro (Ada Lem);Pak;28000
Amplop Coklat Super Cabinet Merk WPS;Pak;22000
Amplop Coklat Super Map - Brio;Pak;54000
Amplop Coklat Super Map - Neuro;Pak;58000
Amplop Coklat Super Map - Neuro (Ada Lem);Pak;66000
Amplop Putih No. 104 - Paperline;Pak;15500
Amplop Putih No. 104 (Airmail) - Paperline;Pak;16500
Amplop Putih No. 110 - Paperline;Pak;18500
Amplop Putih No. 90 - Paperline;Pak;21000
Amplop Putih No. 90 (Airmail) - Paperline;Pak;21500
Amplop Putih No. 90 (Jendela Kiri) - JPlus;Pak;40500
Bak Stample Besar 1460 - Hero;Pcs;13500
Bak Stample No. 0 - Artline;Pcs;28000
Bak Stample No. 0 - Joyko;Pcs;5500
Bak Stample No. 00 - Joyko;Pcs;5500
Bak Stample No. 1 - Artline;Pcs;30000
Bak Stample No. 1 - Joyko;Pcs;6500
Bak Stample No. 1 - Kenko;Pcs;6500
Bak Stample No. 2 - Artline;Pcs;56000
Bak Stempel No. 0 - Kenko;Pcs;6000
Bak Stempel No. 2 - Joyko;Pcs;13000
Ballpoint 105 Uniball Biru - Boxy;Pcs;8000
Ballpoint 105 Uniball Hitam - Boxy;Pcs;8000
Ballpoint 105 Uniball Merah - Boxy;Pcs;8000
Ballpoint 3 Warna BP-199 Trico Merk Joyko;Pcs;4500
Ballpoint 4 Warna - Zebra;Pcs;11000
Ballpoint 4 Warna BP-213 Merk Joyko;Pcs;5500
Ballpoint 4 Warna BP-288  0,7mm Merk Joyko;Pcs;5500
Ballpoint 6 Warna BP-236 Sito Merk Joyko;Pcs;7500
Ballpoint AE7 Biru - Standard;Pcs;1500
Ballpoint AE7 Hitam - Standard;Pcs;1500
Ballpoint AE7 Merah - Standard;Pcs;1500
Ballpoint Balliner Biru Merk Pilot;Pcs;14500
Ballpoint Balliner Hijau Merk Pilot;Pcs;14500
Ballpoint Balliner Hitam Merk Pilot;Pcs;14500
Ballpoint Balliner Merah Merk Pilot;Pcs;14500
Ballpoint B-Gel 0,7 Biru - Standard;Pcs;6500
Ballpoint B-Gel 0,7 Hitam - Standard;Pcs;6500
Ballpoint Blive (Biru) Merk Standard;Pcs;3000
Ballpoint Blive (Hitam) Merk Standard;Pcs;3000
Ballpoint BP-338 Vocus (Biru) - Joyko;Pcs;1125
Ballpoint BP-338 Vocus (Hitam) - Joyko;Pcs;1125
Ballpoint BP-338 Vocus (Merah) - Joyko;Pcs;1125
Ballpoint BP-349-12 Vocus Trans (Hitam) Merk Joyko;Pcs;1150
Ballpoint BP-56 (Biru) - Joyko;Pcs;1450
Ballpoint BP-56 (Hitam) - Joyko;Pcs;1450
Ballpoint BP-56 (Merah) - Joyko;Pcs;1450
Ballpoint BPTP Biru - Pilot;Pcs;1750
Ballpoint BPTP Hitam - Pilot;Pcs;1750
Ballpoint BPTP Merah - Pilot;Pcs;1750
Ballpoint C 6000 (Queen) Hitam - Faster;Pcs;1125
Ballpoint C6 Biru - Faster;Pcs;2625
Ballpoint C6 Hitam - Faster;Pcs;2625
Ballpoint C600 Biru - Faster;Pcs;2000
Ballpoint C600 Hitam - Faster;Pcs;2000
Ballpoint C600 Merah - Faster;Pcs;2000
Ballpoint Crystal V 7 (Biru) Merk Snowman;Pcs;1800
Ballpoint Crystal V 7 (Hitam) Merk Snowman;Pcs;1800
Ballpoint Easy Gel (Biru) Merk Kenko;Pcs;2300
Ballpoint Easy Gel (Hitam) Merk Kenko;Pcs;2300
Ballpoint Easy Gel (Merah) Merk Kenko;Pcs;2300
Ballpoint F2 Biru Merk Standard;Pcs;7500
Ballpoint F2 Hitam Merk Standard;Pcs;7500
Ballpoint Frixion 0,5 (Biru) - Pilot;Pcs;21000
Ballpoint Frixion 0,5 (Hijau) - Pilot;Pcs;21000
Ballpoint Frixion 0,5 (Hitam) - Pilot;Pcs;21000
Ballpoint Frixion 0,5 (Merah) - Pilot;Pcs;21000
Ballpoint Frixion 0,5 (Ungu) - Pilot;Pcs;21000
Ballpoint Frixion 0,7 (Biru) - Pilot;Pcs;21000
Ballpoint Frixion 0,7 (Hitam) - Pilot;Pcs;21000
Ballpoint Frixion 0,7 (Merah) - Pilot;Pcs;21000
Ballpoint G-2 07 Biru - Pilot;Pcs;14000
Ballpoint G-2 07 Hitam - Pilot;Pcs;14000
Ballpoint Gel (Erasable) GP-333 Hitam Merk Joyko;Pcs;3000
Ballpoint Gel JK 100 0,5 (Biru) - Joyko;Pcs;2000
Ballpoint Gel JK 100 0,5 (Hitam) - Joyko;Pcs;2000
Ballpoint Gel JK 100 0,5 (Merah) - Joyko;Pcs;2000
Ballpoint Gel K-1 (Biru) Kenko;Pcs;2300
Ballpoint Gel K-1 (Hitam) Kenko;Pcs;2300
Ballpoint Gel K-1 / CS6 Merk Kenko;Set;21000
Ballpoint Gel KE 100 (Biru) - Kenko;Pcs;2500
Ballpoint Gel KE 100 (Hitam) - Kenko;Pcs;2500
Ballpoint Gell GP 265 Biru Merk Joyko;Pcs;2300
Ballpoint Gell GP 265 Hitam Merk Joyko;Pcs;2300
Ballpoint Gell GP 265 Merah Merk Joyko;Pcs;2300
Ballpoint Gell GP 330 Biru Merk Joyko;Pcs;1125
Ballpoint Gell GP 330 Hitam Merk Joyko;Pcs;1125
Ballpoint Greebel Technoline 0,5 Biru 12 + 1;Pcs;1250
Ballpoint Greebel Technoline 0,5 Hitam 12 + 1;Pcs;1250
Ballpoint Kokoro Gel (Biru) - Zebra;Pcs;5500
Ballpoint Kokoro Gel (Hitam) - Zebra;Pcs;5500
Ballpoint Kokoro Gel (Merah) - Zebra;Pcs;5500
Ballpoint NK 7B (Biru) - Kenko;Pcs;1250
Ballpoint NK 7B (Hitam) - Kenko;Pcs;1250
Ballpoint NK 7B (Merah) - Kenko;Pcs;1250
Ballpoint Piccolo (Biru) Merk Zebra;Pcs;1500
Ballpoint Piccolo (Hitam) Merk Zebra;Pcs;1500
Ballpoint Piccolo (Merah) Merk Zebra;Pcs;1500
Ballpoint PSBP 150 Hitam Tempel - Joyko;Pcs;5500
Ballpoint PSBP 177 Hitam Tempel - Joyko;Pcs;5500
Ballpoint SG-1 (Biru) - Artline;Pcs;1800
Ballpoint SG-1 (Hitam) - Artline;Pcs;1800
Ballpoint V 5 (Biru) Merk Snowman;Pcs;2625
Ballpoint V 5 (Merah) Merk Snowman;Pcs;2625
Ballpoint V1 Biru - Snowman;Pcs;1750
Ballpoint V1 Hitam - Snowman;Pcs;1750
Ballpoint V1 Merah - Snowman;Pcs;1750
Ballpoint V2 Biru - Snowman;Pcs;1875
Ballpoint V2 Hitam - Snowman;Pcs;1875
Ballpoint V2 Merah - Snowman;Pcs;1875
Ballpoint V-5 (Hitam) Merk Snowman;Pcs;2625
Ballpoint Zebra Sarasa 0,5 (Biru Muda);Pcs;14500
Ballpoint Zebra Sarasa 0,5 (Biru);Pcs;14500
Ballpoint Zebra Sarasa 0,5 (Coklat);Pcs;14500
Ballpoint Zebra Sarasa 0,5 (Hijau);Pcs;14500
Ballpoint Zebra Sarasa 0,5 (Hitam);Pcs;14500
Ballpoint Zebra Sarasa 0,5 (Merah);Pcs;14500
Ballpoint Zebra Sarasa 0,5 (Pink);Pcs;14500
Ballpoint Zebra Sarasa 0,5 (Ungu);Pcs;14500
Ballpoint Zebra Sarasa 0,7 (Biru Tua);Pcs;14500
Ballpoint Zebra Sarasa 0,7 (Biru);Pcs;14500
Ballpoint Zebra Sarasa 0,7 (Coklat);Pcs;14500
Ballpoint Zebra Sarasa 0,7 (Hijau);Pcs;14500
Ballpoint Zebra Sarasa 0,7 (Hitam);Pcs;14500
Ballpoint Zebra Sarasa 0,7 (Merah);Pcs;14500
Ballpoint Zebra Sarasa 0,7 (Ungu);Pcs;14500
Ballpoint Zebra Sarasa 1,0 (Biru);Pcs;14500
Ballpoint Zebra Sarasa 1,0 (Hitam);Pcs;14500
Ballpoint Zebra Sarasa 1,0 (Merah);Pcs;14500
Bambi 1010 - 01 (Biru);Pcs;27500
Bambi 1010 - 09 (Merah);Pcs;27000
Bambi 1010 - 10 (Hitam);Pcs;27500
Bambi 2510 F4;Pak;32000
Bambi 2610 A4;Pak;30000
Bantex 2044 F4 Plastik Pocket;Pak;155000
Bantex 3145 (Clear Holder A4 40 Lbr);Pcs;55000
Bantex 3147 (Clear Holder A4 60 Lbr);Pcs;65000
Bantex 3185 (Clear Holder F4 40 Lbr);Pcs;65000
Bantex 3187 (Clear Holder F4 60 Lbr);Pcs;75500
Bantex 3260 Duraclip A4;Pcs;12500
Bantex 4010-01 Magazine File A4 7 Cm Blue;Pcs;33000
Bantex 4010-10 Magazine File A4 7 Cm Black;Pcs;33000
Bantex 6010 (Penyekat Polos Warna) Plastik;Set;20000
Bantex 6043-00  (A-Z);Set;24000
Bantex 6050 (Penyekat Polos Warna);Set;11500
Bantex 6051 (Penyekat File 1 - 12);Set;15000
Bantex 6052 (No. 1 - 31);Set;35000
Bantex 6059 (Januari - Desember);Set;15000
Battery 23A - Energizer;Pcs;18000
Battery 9 Volt - ABC (9V-CZ-1S);Pcs;12000
Battery 9 Volt - Alkaline (9V-ALK-1B);Pcs;33000
Battery 9 Volt - Energizer;Pcs;33000
Battery A76 - Energizer @2;Set;8000
Battery AA - Alkaline (LR6-ALK-2B);Pcs;6750
Battery AA - Alkaline @Isi 6 (LR6-ALK-4B+2);Set;28000
Battery AA @ Isi 3 - Energizer;Set;18500
Battery AA Charger @2 (2000mAh) - Energizer;Set;86000
Battery AAA -  Alkaline (LR03-ALK-2B);Pcs;6500
Battery AAA -  Alkaline @Isi 6 (LR03-ALK-4B+2);Set;26000
Battery AAA @ Isi 3 - Energizer;Set;18500
Battery AAA Charger @2 (700 mAh) - Energizer;Set;66000
Battery AAA Merk ABC (R03 Biru);Pcs;2750
Battery Bulat U/ Remot CR 2450 N;Pcs;35000
Battery Calculator CR 2025;Pcs;6000
Battery Calculator CR 2032;Pcs;6000
Battery Calculator LR 1130 Maxcell;Pcs;5000
Battery Calculator LR 41 Merk Maxell;Pcs;5000
Battery Calculator LR 44;Pcs;5000
Battery CR 1620;Pcs;10000
Battery CR 2016 3V;Pcs;6000
Battery Kecil AA- ABC (R6 BIRU 4S);Pcs;2750
Battery Renata CR2477;Pcs;42500
Battery Sedang Size C - Energizer;Pcs;29500
Battery Size C Sedang - ABC (R14C);Pcs;5000
Battery Size D Besar - ABC (R20);Pcs;7500
Battery SR 44;Pcs;40000
Bayfresh Reed Diffuser (Refill);Pcs;39500
Bayfresh Reffil Matic 225ml;Pcs;38500
Baygon Spray Fresh 600 ml;Pcs;43000
Benang Jahit 20/6 Karung Polyester @6;Pak;66000
Bendera K3 Satin 90 x 135;Pcs;80000
Bendera Merah Putih Satin 90 x 135;Pcs;110000
Betadine Botol 15 Ml;Pcs;18500
Binder Clip No. 105 - Joyko;Box;2200
Binder Clip No. 105 - Kenko;Box;2500
Binder Clip No. 107 -  Joyko;Box;2500
Binder Clip No. 107 - Kenko;Box;2800
Binder Clip No. 111 - Joyko;Box;4000
Binder Clip No. 111 - Kenko;Box;4300
Binder Clip No. 155 - Joyko;Box;5500
Binder Clip No. 155 - Kenko;Box;6100
Binder Clip No. 200 - Joyko;Box;9500
Binder Clip No. 200 - Kenko;Box;10800
Binder Clip No. 260 -  Joyko;Box;14500
Binder Clip No. 260 - Kenko;Box;16200
Binder Clip No. 280 -  Joyko;Box;22000
Binder Clip No. 280 - Kenko;Box;22000
Binder Clip No. 300 - Joyko;Box;44000
Binder Clip No. 300 - Kenko;Box;44000
Binder Clip No. 320 - Joyko;Box;60500
Binder Note BN-107 Uk. A5 Merk Joyko;Pcs;25500
Bioplacenton 15 gr;Pcs;30000
Book N Merk Lion No. 7;Pcs;21000
Box File 1034B Biru Merk Bindex;Pcs;31000
Box File 1034B Hitam Merk Bindex;Pcs;31000
Box File 4011-01 (Biru) Merk Bantex;Pcs;33000
Box File 4011-05 (Grey) Merk Bantex;Pcs;33000
Box File 4011-09 (Merah) Merk Bantex;Pcs;33000
Box File 4011-10 (Hitam) Merk Bantex;Pcs;33000
Box File 4011-11 (Cobalt Blue) Merk Bantex;Pcs;33000
Box File 4011-19 (Pink) Merk Bantex;Pcs;33000
Box File 4011-61 (Grape) Merk Bantex;Pcs;33000
Box File 4011-65 (Lime) Merk Bantex;Pcs;33000
Box File 4012 (Biru) A4 Bantex;Pcs;33000
Box File 4012 (Hitam) A4 Bantex;Pcs;33000
Box File 4021-01 (Biru) Merk Bantex;Pcs;45000
Box File Besi 2SAP VT-BF82JR V-Tec;Pcs;85000
Box File Bindex 1035 B (Hitam);Pcs;36000
Box File Biru Merk Gema;Pcs;17000
Box File Hitam Merk Gema;Pcs;17000
Box File Keranjang Plastik BT-152 Maspion;Pcs;29500
Box File Keranjang Plastik V-Tec 101;Pcs;15500
Box File No. 27 Merk Star;Pcs;13000
Buku Absen ;Pcs;3000
Buku Agenda A5 - Butterfly;Pcs;33000
Buku Agenda Pocket A6;Pcs;27500
Buku Bank Folio;Pcs;11000
Buku Bank Kwarto ;Pcs;7500
Buku Baster 100 Lmb - Bintang Obor;Pcs;13500
Buku Block Note A5 - Paperline;Pcs;4000
Buku Double Folio 100 Lmb - Bintang Obor;Pcs;35000
Buku Expedisi 100 (isi 80 lbr) - Ria;Pcs;8000
Buku Expedisi 100 Lmb - Bintang Obor;Pcs;8500
Buku Expedisi 100 Lmb - Garda;Pcs;9000
Buku Expedisi 100 Lmb - Kiky;Pcs;12000
Buku Expedisi 100 Lmb - Paperline;Pcs;9000
Buku Expedisi 200 Lmb - Bintang Obor;Pcs;18500
Buku Faktur 3 Ply - Paperline;Pcs;9800
Buku Folio 100 (isi 80 lbr) - Ria;Pcs;15000
Buku Folio 100 Lmb - Bintang Obor;Pcs;15000
Buku Folio 100 Lmb - Garda;Pcs;17500
Buku Folio 100 Lmb - Kiky;Pcs;22000
Buku Folio 100 Lmb - Paperline;Pcs;17500
Buku Folio 200 (isi 160 lbr) - Ria;Pcs;29500
Buku Folio 200 Lmb - Bintang Obor;Pcs;37000
Buku Folio 200 Lmb - Kiky;Pcs;42000
Buku Folio 200 Lmb - Paperline;Pcs;31500
Buku Folio 300 Lmb - Bintang Obor;Pcs;50000
Buku Kas Folio Merk R/BM;Pcs;11000
Buku Kas Kwarto Merk R/BM;Pcs;6000
Buku Kasbon merk BM/ KNI / PM;Pcs;4500
Buku Kwarto 100 (isi 80 lbr) - Ria;Pcs;8000
Buku Kwarto 100 Lmb - Bintang Obor;Pcs;8500
Buku Kwarto 100 Lmb - Garda;Pcs;9500
Buku Kwarto 100 Lmb - Paperline;Pcs;9400
Buku Kwarto 200 (isi 160 lbr) - Ria;Pcs;16500
Buku Kwarto 200 Lmb - Bintang Obor;Pcs;16500
Buku Kwarto 200 Lmb - Kiky;Pcs;22000
Buku Kwarto 200 Lmb - Paperline;Pcs;17000
Buku Kwitansi Uk. Besar - Paperline;Pcs;4700
Buku Kwitansi Uk. Kecil - Paperline;Pcs;2200
Buku Kwitansi Uk. Sedang - Paperline;Pcs;3700
Buku Nota Kontan 1 Ply Besar - Paperline;Pcs;4000
Buku Nota Kontan 1 Ply Kecil - Paperline;Pcs;2200
Buku Nota Kontan 2 Ply Besar - Paperline;Pcs;6300
Buku Nota Kontan 2 Ply Kecil - Paperline;Pcs;3200
Buku Nota Kontan 3 Ply Besar - Paperline;Pcs;9500
Buku Nota Kontan 3 Ply Kecil - Paperline;Pcs;4600
Buku Oktavo A6 100 Lmb - Paperline;Pcs;5500
Buku Surat Jalan 3 Ply - Paperline;Pcs;9800
Buku Tanda Terima 2 Ply (Berdiri) - R / PM / Brilliant;Pcs;7000
Buku Tanda Terima 2 Ply (Tidur) - PM;Pcs;5500
Buku Tulis 100 Lembar - AA / Sidu;Pcs;9000
Buku Tulis 38 Lembar - SIDU;Pcs;3300
Buku Tulis 58 Lembar - SIDU;Pcs;4800
Buku Tulis Big Boss 42 Lmb - Sidu;Pcs;5500
Buku Tulis Favourite Campus 50 Lbr - Bintang Obor;Pcs;5500
Buku Tulis Maxi 42 Lmb - Sidu;Pcs;5500
Business File A4 (Biru) Merk Inter X;Pcs;2500
Business File A4 (Hijau) Merk Inter X;Pcs;2500
Business File A4 (Hitam) Merk Inter X;Pcs;2500
Business File A4 (Kuning) Merk Inter X;Pcs;2500
Business File A4 (Merah) Merk Inter X;Pcs;2500
Business File A4 (Pink) Merk Inter X;Pcs;2500
Business File A4 (Putih) Merk Inter X;Pcs;2500
Business File A4 (Ungu) - Inter X;Pcs;2500
Business File F4 (Biru) Merk Inter X;Pcs;2600
Business File F4 (Hijau) Merk Inter X;Pcs;2600
Business File F4 (Hitam) Merk Inter X;Pcs;2600
Business File F4 (Kuning) Merk Inter X;Pcs;2600
Business File F4 (Merah) Merk Inter X;Pcs;2600
Business File F4 (Pink) Merk Inter X;Pcs;2600
Business File F4 (Putih) Merk Inter X;Pcs;2600
Business File F4 (Ungu) Merk Inter X;Pcs;2600
Bussiness File A4 (Abu-Abu) Merk Daichi;Pcs;3500
Bussiness File A4 (Biru) Merk Daichi;Pcs;3500
Bussiness File A4 (Hijau) Merk Daichi;Pcs;3500
Bussiness File A4 (Kuning) Merk Daichi;Pcs;3500
Bussiness File A4 (Merah) Merk Daichi;Pcs;3500
Bussiness File F4 (Abu-Abu) Merk Daichi;Pcs;4200
Bussiness File F4 (Abu-Abu) Merk Inter X;Pcs;2700
Bussiness File F4 (Biru) - Daiichi;Pcs;3750
Bussiness File F4 (Hijau) Merk Daichi;Pcs;3750
Bussiness File F4 (Kuning) Merk Daichi;Pcs;3750
Bussiness File F4 (Merah) Merk Daichi;Pcs;4200
Cable Ties Hitam Uk. 3.6 x 150 mm;Pak;14000
Cable Ties Hitam Uk. 3.6 x 200 mm;Pak;18000
Cable Ties Hitam Uk. 3.6 x 300 mm;Pak;20000
Cable Ties Hitam Uk. 4.8 x 300 mm;Pak;28000
Cable Ties Hitam Uk. 4.8 x 430 mm;Pak;35000
Cable Ties Putih Uk. 2.5 x 100 mm;Pak;12000
Cable Ties Putih Uk. 2.5 x 150 mm;Pak;7000
Cable Ties Putih Uk. 3.6 x 150 mm;Pak;14000
Cable Ties Putih Uk. 3.6 x 200 mm;Pak;18000
Cable Ties Putih Uk. 4.8 x 250 mm;Pak;32000
Cable Ties Putih Uk. 4.8 x 300 mm;Pak;32000
Cable Ties Putih Uk. 4.8 x 430 mm;Pak;34000
Cairan Pemutih 1 Liter Merk Bayclin;Pcs;27000
Calculator 12 Digit Bantex BD4122;Pcs;56000
Calculator 12 Digit Bantex BD4312;Pcs;95000
Calculator 868 Merk Deli;Pcs;78000
Calculator AS-120V Merk Canon;Pcs;77000
Calculator Casio DH 12;Pcs;135000
Calculator Casio DH 14;Pcs;165000
Calculator Casio DH 16 (16 Digit);Pcs;198000
Calculator Casio MJ 120 D Plus;Pcs;143000
Calculator Casio MX 120 B;Pcs;103000
Calculator Casio MX 12B;Pcs;70000
Calculator CC 31 (16 Digit) Merk Joyko;Pcs;77000
Calculator CC-13 (12 Digit) Merk Joyko;Pcs;36000
Calculator CC-39 - Joyko;Pcs;36000
Calculator CC-68 - Joyko;Pcs;54000
Calculator CC-80 CO- Joyko;Pcs;24000
Calculator CC-810CH (14 Digit) - Joyko;Pcs;85000
Calculator CC-868 Merk Joyko;Pcs;55000
Carry Case File 4 Cm CCX 100F - InterX;Pcs;18000
Carry File 2 Cm Merk InterX;Pcs;16000
Cartridge Pita Printer LQ 2180 / 2190 - Printech;Pcs;74000
Cartridge Pita Printer LQ 2180 / 2190 (SO15531) - Epson;Pcs;184000
Cartridge Pita Printer LQ 300 (SO15506) - Epson;Pcs;64000
Cartridge Pita Printer LQ 310 (SO15639) - Epson;Pcs;64000
Cartridge Pita Printer LX 300 (SO15516) - Epson;Pcs;50000
Cartridge Pita Printer LX 310 (SO15632) - Epson;Pcs;50000
CD RW + Casing Merk Verbatim;Pcs;16000
CD-R Merk Verbatim @ 50 (pak);Pak;165000
CD-R Merk Verbatim @ 50 (tabung);Tabung;192500
Clear Holder A4 20 Lbr Inter X;Pcs;13500
Clear Holder A4 40 Lbr Inter X;Pcs;20500
Clear Holder A4 60 Lbr Inter X;Pcs;27500
Clear Holder A5 20 Lbr Inter X;Pcs;8500
Clear Holder F4 100 Lbr Felix;Pcs;56000
Clear Holder F4 100 Lbr Inter X;Pcs;56000
Clear Holder F4 20 Lbr Felix;Pcs;14500
Clear Holder F4 20 Lbr Inter X;Pcs;14500
Clear Holder F4 40 Lbr Daichi;Pcs;22000
Clear Holder F4 40 Lbr Felix;Pcs;20500
Clear Holder F4 40 Lbr Inter X;Pcs;20500
Clear Holder F4 60 Lbr Felix;Pcs;27500
Clear Holder F4 60 Lbr Inter X;Pcs;27500
Clip Board Bantex 4211;Pcs;31500
Clip Board Bantex 4240;Pcs;32000
Clip Board Bantex 8815;Pcs;16000
Colokan + Kabel 1,5 Mtr 3 Lubang (1 Switch) ET 726K - Deli;Pcs;69000
Colokan + Kabel 1,5 Mtr 4 Lubang (1 Switch) ET 727K - Deli;Pcs;80000
Colokan 3 Lubang (1 Switch) Uticon;Pcs;75000
Colokan 4 Lubang (1 Switch) Uticon;Pcs;80000
Colokan T Merk Broco;Pcs;25000
"Computer Binder 3400 A3 14 7/8 x 11 """;Pcs;59500
Computer Binder 3401 A4 Bambi;Pcs;45000
Computer Binder SC-1301 A3 - Joyko;Pcs;55000
Computer Binder SC-1301-09  A4 - Joyko;Pcs;35000
Container Berlubang HNT2002 - Hanata;Pcs;80000
Container Box Shinpo CB 25 SIP 133-3;Pcs;65000
Container Box Shinpo CB 30 SIP110GS;Pcs;53000
Container Box Shinpo CB 60 SIP113;Pcs;125000
Container Box Shinpo CB 82 SIP 146;Pcs;153000
Container Box Shinpo CB130 SIP116;Pcs;197000
Container Box Shinpo CB150 SIP119;Pcs;250000
Container Box Shinpo CB70 SIP143;Pcs;120000
"Continous Form 9 1/2 x 12"" 6 Ply Warna";Dus;383000
"Continuous Form 9 1/2 x 12""  3 Ply (Warna)";Dus;340000
"Continuous Form 9 1/2 x 12"" (A4) 4 Ply (Warna)";Dus;244000
"Continuous Form 9 1/2 x 13"" 1Ply /2";Dus;178000
"Continuous Form 9 1/2 x 13"" 2 Ply (Warna)";Dus;239500
"Continuous Form 9 1/2 x 13"" 2/2 Ply (Warna)";Dus;239500
"Continuous Form 9 1/2 x 13"" 3 Ply (Warna)";Dus;358000
"Continuous Form 9 1/2 x 13"" 3/2 Ply (Warna)";Dus;358000
"Continuous Form 9 1/2 x 13"" 4 Ply (Warna)";Dus;257000
"Continuous Form 9 1/2 x 13"" 4/2 Ply (Warna)";Dus;257000
"Continuous Form 9 1/2 x 13"" 5 Ply (Warna)";Dus;315000
"Continuous Form 9 1/2 x 13"" 5/2 Ply (Warna)";Box;315000
"Continuous Form 9 1/2 x 13"" 6 Ply (Warna)";Dus;406500
"Continuous Form 9 1/2 x 13"" 6/2 Ply (Warna)";Dus;406500
Continuous Form B 1 Ply - Paperline;Dus;321000
Continuous Form B 2 Ply (Warna) - Paperline;Dus;486000
Continuous Form K 1 Ply - Paperline;Dus;205000
Continuous Form K 1 Ply Merk Go-Print;Dus;108000
Continuous Form K 1 Ply Merk Neuro;Dus;115000
Continuous Form K 1/2 Ply - Paperline;Dus;211000
Continuous Form K 1/2 Ply Merk Go-Print;Dus;108000
Continuous Form K 1/2 Ply Merk Neuro;Dus;115000
Continuous Form K 2 Ply (Putih-Putih) - Paperline;Dus;302000
Continuous Form K 2 Ply (Putih-Putih) Merk Neuro;Dus;175000
Continuous Form K 2 Ply (Warna) - Paperline;Dus;302000
Continuous Form K 2 Ply (Warna) Merk Go-Print;Dus;150000
Continuous Form K 2 Ply (Warna) Merk Neuro;Dus;163000
Continuous Form K 2 Wartel Merk Neuro;Dus;180000
Continuous Form K 2/2 Ply (Warna) - Paperline;Dus;309000
Continuous Form K 2/2 Ply (Warna) Merk Go-Print;Dus;150000
Continuous Form K 2/2 Ply (Warna) Merk Neuro;Dus;163000
Continuous Form K 3 Ply (Putih-Putih) Merk Neuro;Dus;245000
Continuous Form K 3 Ply (Warna) - Paperline;Dus;453000
Continuous Form K 3 Ply (Warna) Merk Go-Print;Dus;223000
Continuous Form K 3 Ply (Warna) Merk Neuro;Dus;245000
Continuous Form K 3/2 Ply (Warna) - Paperline;Dus;467000
Continuous Form K 3/2 Ply (Warna) Merk Go-Print;Dus;223000
Continuous Form K 3/2 Ply (Warna) Merk Neuro;Dus;245000
Continuous Form K 4 Ply (Warna) - Paperline;Dus;321000
Continuous Form K 4 Ply (Warna) Merk Go-Print;Dus;156000
Continuous Form K 4 Ply (Warna) Merk Neuro;Dus;175000
Continuous Form K 4/2 Ply (Putih-Putih) Merk Neuro;Dus;171000
Continuous Form K 4/2 Ply (Warna) - Paperline;Dus;335000
Continuous Form K 4/2 Ply (Warna) Merk Go-Print;Dus;156000
Continuous Form K 4/2 Ply (Warna) Merk Neuro;Dus;175000
Continuous Form K 5 Ply (Putih-Putih) Merk Neuro;Dus;232000
Continuous Form K 5 Ply (Warna) - Paperline;Dus;422000
Continuous Form K 5 Ply (Warna) Merk Go-Print;Dus;197000
Continuous Form K 5 Ply (Warna) Merk Neuro;Dus;232000
Continuous Form K 5/2 Ply (Warna) - Paperline;Dus;438000
Continuous Form K 5/2 Ply (Warna) Merk Go-Print;Dus;197000
Continuous Form K 5/2 Ply (Warna) Merk Neuro;Dus;232000
Continuous Form K 6 Ply (Warna) Merk Go-Print;Dus;239000
Continuous Form K 6 Ply (Warna) Merk Neuro;Dus;309000
Continuous Form K 6/2 Ply (Warna) Merk Go-Print;Dus;239000
Continuous Form K 6/2 Ply (Warna) Merk Neuro;Dus;309000
Corong Minyak (Diameter 15 Cm);Pcs;5000
Cutter A300 Merk Joyko;Pcs;5500
Cutter A300 Merk Kenko;Pcs;5500
Cutter K 200 Merk Kenko;Pcs;5000
Cutter K200 Merk Joyko;Pcs;5000
Cutter L500 Merk Joyko;Pcs;12500
Cutter L500 Merk Kenko;Pcs;12500
Dahlia Pewangi Gantung 75gr;Pcs;12000
Dahlia Reed Diffuser Heritage Teh Keraton (DISF610TK);Pcs;49500
Dahlia Refill Reed Diffuser Heritage Teh Keraton (DISF611TK);Pcs;31000
Dahlia Spray Teh Keraton 350 ml;Pcs;28000
Desk Set DS-0812 Joyko;Pcs;22000
Desk Set DS-1015 Joyko;Pcs;24000
Desk Set DS-338 Joyko;Pcs;15000
Detergen 800 Gr Merk Daia;Pcs;23000
Dompet Giro;Pcs;23000
Dorongan Air Karet WA077 - Dragon;Pcs;23000
"Double Tape 1"" Merk Daimaru";Roll;5750
"Double Tape 1"" Merk Joyko";Roll;5500
"Double Tape 1"" Merk Kenko (core biru)";Roll;5500
"Double Tape 1"" Merk Kenko (Merah)";Roll;5500
"Double Tape 1"" Merk Nachi";Roll;5500
"Double Tape 1/2"" Merk Daimaru";Roll;2800
"Double Tape 1/2"" Merk Joyko";Roll;2750
"Double Tape 1/2"" Merk Kenko (core biru)";Roll;2750
"Double Tape 1/2"" Merk Nachi";Roll;2700
"Double Tape 1/4"" Merk Joyko";Roll;1750
"Double Tape 1/4"" Merk Kenko core biru";Roll;1500
"Double Tape 2"" Merk Joyko";Roll;10000
"Double Tape 2"" Merk Kenko (core biru)";Roll;10500
"Double Tape 2"" Merk Nachi";Roll;11000
"Double Tape Busa 1"" Merk Daimaru";Roll;11000
"Double Tape Busa 1"" Merk Nachi";Roll;11000
"Double Tape Busa 1"" Merk Nippon";Roll;11000
Double Tape Busa 25mm x 4mtr 110-M25 - 3M;Roll;56500
"Double Tape Busa PE Foam 1"" Merk 3M";Roll;24500
"Double Tape Busa PE Foam 2"" Merk 3M";Roll;55000
Double Tape Nano Griptape 30mm x 1m - Alligator;Roll;22000
Drawing Pen 0,1 (Biru) Snowman;Pcs;8000
Drawing Pen 0,1 (Hitam) Snowman;Pcs;8000
Drawing Pen 0,1 (Merah) Snowman;Pcs;8000
Drawing Pen 0,3 (Biru) Snowman;Pcs;8000
Drawing Pen 0,3 (Merah) Snowman;Pcs;8000
Drawing Pen 0,3 Hitam Snowman;Pcs;8000
Drawing Pen 0,5 (Biru) Snowman;Pcs;8000
Drawing Pen 0,5 Hitam Snowman;Pcs;8000
Expanding File (Handle) EF-2638 Joyko;Pcs;45000
Expanding File A4 EF-7  Joyko;Pcs;60000
Expanding File Tali F4 - Inter X;Pcs;38000
Fit File / Clip File (Biru) Merk Inter X;Pcs;7500
Fit File / Clip File (Hijau) Merk Inter X;Pcs;7500
Fit File / Clip File (Kuning) Merk Inter X;Pcs;7500
Fit File / Clip File (Merah) Merk Inter X;Pcs;7500
Gantungan kunci KR 50 - Kenko;Set;28500
Gantungan Kunci KR 8 - Joyko;Set;35000
Gantungan Kunci KR 9 - Joyko;Set;28000
Garpu Stainless @6 Doll;Pak;47500
Gayung Plastik NGT-0411 Merk Nagata;Pcs;12500
Glade Gantung 70 / 80 Gr;Pcs;17800
Glade Spray 350 Ml;Pcs;30000
Glossy Photo Paper (Cast Coat) A4 210 Gr @20 - Spectra Color;Pak;19000
Glossy Photo Paper (Cast Coat) A4 230 Gr @20 - Spectra color;Pak;18900
Glossy Photo Paper A4 180 Gsm Merk Coral @ 20;Pak;15500
Glossy Photo Paper A4 210 Gsm Merk Coral @ 20;Pak;17000
Glossy Photo Paper A4 230 Gr - Coral @20;Pak;18500
Glossy Photo Paper A4 230 Gsm Merk Joyko;Pak;17500
Glue Tag (Tack It 30 Gr) - Faber Castell;Set;17500
Glue Tag (Tack It 50 Gr) - Faber Castell;Set;20000
Gula Putih 1kg Rosebrand;Pcs;19600
Gunting Besar 848 Merk Joyko;Pcs;10500
Gunting Besar 848 Merk Kenko;Pcs;10500
Gunting SC 828 Merk Joyko;Pcs;5500
Gunting SC-828 - Kenko;Pcs;5500
Gunting Sedang 838 Merk Joyko;Pcs;6500
Gunting Sedang 838 Merk Kenko;Pcs;6500
Hair Cap One Med @100;Pak;50000
Hand Soap (cuci tangan) 4 Liter Merk SOS;Drigen;77000
Hand Soap (cuci tangan) 4 Liter Merk SOS;Drigen;77500
Handsaplas Plester @ 100;Pak;36000
Hansaplas Plastik (Transparan) @10;Pak;11000
Heavy Duty Punch E0150 Merk Deli;Pcs;930000
Hit Spray 600ml;Pcs;42000
ID Card Bantex 8868;Pcs;16500
Indocafe Coffeemix 20 gr @10;Pak;18500
Isolasi 1 inci x 72 Merk Daimaru;Roll;5500
Isolasi 1 inci x 72 Merk Goldtape (Hijau);Slop;3350
Isolasi 1 inci x 72 Merk Nachi;Roll;3.100
Isolasi 1 inci x 72 Merk Panfix;Roll;26700
Isolasi 1/2  inci x 10 Merk Panfix;Roll;6200
Isolasi 1/2 inci x 10 Merk Daimaru;Roll;1000
Isolasi 1/2 inci x 10 Merk Nachi;Roll;800
Isolasi 1/2 inci x 36 Merk Panfix;Roll;9000
Isolasi 1/2 inci x 72 Merk Daimaru;Roll;2750
Isolasi 1/2 inci x 72 Merk Goldtape (Hijau);Slop;3350
Isolasi 1/2 inci x 72 Merk Nachi;Roll;3.100
Isolasi 1/2 inci x 72 Merk Panfix;Roll;13400
Jam Dinding 30cm Pioner;Pcs;127000
Kabel Roll 10 Meter Merk Uticon;Pcs;235000
Kain Pel Jepit (Biru) MP303 - Dragon;Pcs;56000
Kain Pel NGT404 - Nagata;Pcs;65000
Kain Pel No.18 MP251 - Dragon;Pcs;22500
Kamper 500 Gr - Swallow;Set;52500
Kamper Gantung Swallow S 105 150 gr;Pcs;24000
Kamper Kecil Warna Swallow 150 Gr;Pcs;24000
Kamper Toilet Putih @5 Merk Swallow;Set;24000
Kamper Toilet SG-533 Isi 5 Warna - Seagull;Pcs;18500
Kamper Toilet warna Swallow Isi 5;Pcs;24000
Kantong Kresek Hitam No. 40 - OTO;Pak;14500
Kantong Plastik Kresek Hitam No. 17 - Loco;Pak;15500
Kantong Plastik Kresek Hitam No. 24 - Loco;Pak;15500
Kantong Plastik Kresek Hitam No. 28 - Loco;Pak;15500
Kantong Plastik Kresek Hitam No. 35 - Loco;Pak;15500
Kantong Plastik Kresek Hitam No. 40 - Loco;Pak;15500
Kantong Plastik Kresek Hitam No. 50 Jumbo Loco;Pak;27000
Kantong Plastik Kresek Merah No. 28 - Loco;Pak;19000
Kantong Plastik Kresek Merah No. 35 - Loco;Pak;19000
Kantong Plastik Kresek Merah No. 40 - Loco;Pak;19000
Kantong Plastik Kresek Putih No. 17 - Loco;Pak;21000
Kantong Plastik Kresek Putih No. 24 - Loco;Pak;21000
Kantong Plastik Kresek Putih No. 28 - Loco;Pak;21000
Kantong Plastik Kresek Putih No. 35 - Loco;Pak;21000
Kapur Tulis Putih - Sarjana;Box;5500
Kapur Tulis Warna - Sarjana;Box;7500
Karbol Classic Pine/Sereh 3,6 Liter Merk SOS;Drigen;85000
Karbol Vixal Botol 780/ 750 ml;Pcs;17500
Karet Gelang 1 Kg;Kg;50000
Karet Gelang 1/2 Kg (Hijau);Pak;30000
Karet Gelang 1/2 Kg (Kuning);Pak;25000
Kartu Absensi Merk Apple;Pak;19500
Kartu Absensi Polos;Pak;16500
Kartu Absensi Warna;Pak;27000
Kartu Stock (Putih) Kecil;Pak;14500
Kartu Stock A4 Berdiri;Pak;27500
Kartu Stock A4 Tidur;Pak;27500
Kartu Stock F4 Berdiri;Pak;66000
Kassa 10 Cm @5;Pcs;5500
Kecap 275 Ml Merk Bango (botol);Pcs;27000
Kemoceng Bulu Ayam Besar;Pcs;53000
Kemoceng Bulu Kuda;Pcs;11500
Kemoceng Microfiber (Cendol);Pcs;21000
Kertas 1/2 A4 (A5 70Gr) Putih - Neuro;Pak;23000
Kertas 1/2 A4 (A5) Putih 75Gr - Brio;Rim;24500
Kertas 1/2 A4 (Biru) - Namas;Pak;32500
Kertas 1/2 A4 (Hijau) - Namas;Pak;32500
Kertas 1/2 A4 (Kuning) - Namas;Pak;32500
Kertas 1/2 A4 (Pink) - Namas;Pak;32500
Kertas 1/2 A4 (Putih) - Namas;Pak;32500
Kertas 1/2 F4 (Putih) - Namas;Pak;25100
Kertas Bufalo A4 (Biru Muda) Merk Namas;Pak;46000
Kertas Bufalo A4 (Biru Tua) Merk Namas;Pak;46000
Kertas Bufalo A4 (Cream) Merk Namas;Pak;46000
Kertas Bufalo A4 (Hijau Muda) Namas;Pak;46000
Kertas Bufalo A4 (Hijau Tua) Merk Namas;Pak;46000
Kertas Bufalo A4 (Merah Tua) Merk Namas;Pak;46000
Kertas Bufalo A4 (Orange/ Kuning Kunyit) Merk Namas;Pak;46000
Kertas Bufalo A4 (Pink) Merk Namas;Pak;46000
Kertas Bufalo A4 (Putih) Merk Namas;Pak;46000
Kertas Bufalo A4 Kuning Muda Merk Namas;Pak;46000
Kertas Bufalo A4 Tebal (Kuning Muda) Merk Namas;Pak;46000
Kertas Bufalo F4 (Biru Tua) Merk Namas;Pak;46000
Kertas Bufalo F4 (Hijau Muda) Merk Namas;Pak;47000
Kertas Bufalo F4 (Kuning Muda) Merk Namas;Pak;47000
Kertas Bufalo F4 (Merah Tua) Merk Namas;Pak;47000
Kertas Bufalo F4 (Merah) - Cakrawala;Pak;47000
Kertas Bufalo F4 (Orange) Merk Namas;Pak;47000
Kertas Bufalo F4 (Pink) Merk Namas;Pak;47000
Kertas Bufalo F4 (Putih) Merk Namas;Pak;47000
Kertas Bufalo F4 Biru Muda Merk Namas;Pak;46000
Kertas Bufalo F4 Hijau Tua Merk Namas;Pak;46000
Kertas Buram A4 - Namas;Pak;29000
Kertas Buram A4 Merk Neuro;Pak;27500
Kertas Buram F4 - Namas;Pak;30000
Kertas Buram F4 Merk Neuro;Pak;30000
Kertas Concorde A4 160 Gr (Putih) 80320/ 80401;Pak;10000
Kertas Concorde A4 200 (Putih) 80300;Pak;10500
Kertas Concorde A4 220 Gr (Cream) 80236;Pak;10500
Kertas Concorde A4 220 Gr (Putih) 80230;Pak;10500
Kertas Concorde A4 90 Gr (Putih) 80201;Pak;10000
Kertas Concorde F4 220 Gr 80530 (Putih);Pak;12500
Kertas Fax 210 x 30 Merk Fax;Roll;31500
Kertas Flipchart Buram;Roll;10000
Kertas Flipchart Hvs Putih 80gr;Roll;20000
Kertas Glossy Photo Paper A3 260 Gr - Coral;Pak;46000
Kertas Glossy Sticker A3 120 Gr Merk Coral;Pak;48000
Kertas Glossy Sticker A4 120 Gr - Coral @ 20;Pak;24000
Kertas Glossy Sticker A4 135 Gr - Eprint;Pak;35000
Kertas Glosy Photo A4 260 Gr Merk Coral;Pak;24500
Kertas HVS A3 70/ 75 Gr Merk Sinar Dunia;Rim;80500
Kertas HVS A3 70/75 Gr - Paper One;Rim;79500
Kertas HVS A3 75 Gr - PP Lite;Rim;70500
Kertas HVS A3 80/85 Gr - Paper One;Rim;88000
Kertas HVS A4 100 Gr - Paper One;Rim;60500
Kertas HVS A4 70 Gr - A One;Rim;35000
Kertas HVS A4 70 Gr - Bola Dunia;Rim;39500
Kertas HVS A4 75 Gr - Copier;Rim;35500
Kertas HVS A4 75 Gr - Copy Paper;Rim;35500
Kertas HVS A4 75 Gr - Paper One;Rim;39500
Kertas HVS A4 75 Gr - PP Lite;Rim;36000
Kertas HVS A4 75 Gr - Sinar Dunia;Rim;40200
Kertas HVS A4 80 Gr - Bola Dunia;Rim;44000
Kertas HVS A4 80 Gr Merk Sinar Dunia;Rim;43500
Kertas HVS A4 80/85 Gr - Paper One;Rim;43500
Kertas HVS F4 (Biru) Merk Neuro;Rim;61000
Kertas HVS F4 (Hijau) Merk Neuro;Rim;61000
Kertas HVS F4 (Kuning) Merk Neuro;Rim;61000
Kertas HVS F4 (Pink) Merk Neuro;Rim;61000
Kertas HVS F4 70 Gr - A One;Rim;45000
Kertas HVS F4 70 Gr - Bola Dunia;Rim;44750
Kertas HVS F4 75 Gr - Copier;Rim;40500
Kertas HVS F4 75 Gr - Copy Paper;Rim;40000
Kertas HVS F4 75 Gr - Paper One;Rim;45000
Kertas HVS F4 75 Gr - PP Lite;Rim;40500
Kertas HVS F4 75 Gr - Sinar Dunia;Rim;45500
Kertas HVS F4 80 Gr - Bola Dunia;Rim;52500
Kertas HVS F4 80 Gr - Paper One;Rim;49500
Kertas HVS F4 80 Gr - Sinar Dunia;Rim;49200
Kertas Hvs Putih A4 60 Gr - Namas;Rim;36000
Kertas Hvs Q 70/75gr - Paperone;Rim;38500
Kertas Hvs Q 80gr - Paperone;Rim;38500
Kertas Inkjet / Matte Inkjet A4 110 Gr - Coral;Pak;37000
Kertas Inkjet / Matte Inkjet A4 128/130 Gr - Coral;Pak;41000
Kertas Kalkir A3 80/85gr Merk Diamant;Set;144000
Kertas Kalkir A4 80/85gr Merk Diamant;Set;77000
Kertas Kalkir F4 80/85gr Merk Diamant;Set;77000
Kertas Karbon Merk Sailing Boat Biru;Pak;37000
Kertas Karbon Merk Sailing Boat Hitam;Pak;37000
Kertas Loose Leaf A5 20 Hole;Pak;9500
Kertas Loose Leaf B5 26 Hole;Pak;13500
Kertas Photo Silky A4 260 Gsm - Eprint;Pak;61000
Kertas Samson 80 Gr (90 x 120);Pcs;2000
Kertas Struk 44 x 65 - Paperline;Roll;3500
Kertas Struk 58 x 48 - Paperline;Roll;2600
Kertas Struk 58 x 65 - Paperline;Roll;4600
Kertas Struk 68 x 48 - Paperline;Roll;3100
Kertas Struk 68 x 65 - Paperline;Roll;5300
Kertas Struk 75 x 65 ( 1 Ply ) - Paperline;Roll;5900
Kertas Struk 75 x 65 ( 2 Ply ) - Paperline;Roll;9100
Kertas Thermal 57 x 40 Merk Fyfax;Roll;3500
Kertas Thermal EDC Uk. 57 x 30 - Paperline;Roll;3500
Kertas Thermal Roll Uk. 80 x 48 - Fyfax;Roll;6500
Kertas Thermal Roll Uk. 80 x 80 - Fyfax;Roll;15000
Kertas Warna (Biru) A4 70 Gr - Namas;Pak;57000
Kertas Warna (Biru) F4 70 Gr - Namas;Pak;61000
Kertas Warna (Hijau) A4 70 Gr - Namas;Pak;57000
Kertas Warna (Hijau) F4 60 Gr - Namas;Pak;57500
Kertas Warna (Hijau) F4 70 Gr - Namas;Pak;61000
Kertas Warna (Kuning) A4 70 Gr - Namas;Pak;57000
Kertas Warna (Kuning) F4 60 Gr - Namas;Pak;57500
Kertas Warna (Kuning) F4 70 Gr - Namas;Pak;61000
Kertas Warna (Pink) A4 70 Gr - Namas;Pak;57000
Kertas Warna (Pink) F4 70 Gr - Namas;Pak;61000
Kertas Warna A4 (Lavender) IT 185 Spektra Colour;Rim;92000
Kertas Warna A4 (Merah) IT 250 - Spektra Colour;Rim;98000
Kertas Warna A4 70 Gr (Biru) Merk Sidu;Rim;66000
Kertas Warna A4 70 Gr (Hijau) Merk Sidu;Rim;66000
Kertas Warna A4 70 Gr (Kuning) Merk Sidu;Rim;66000
Kertas Warna A4 70 Gr (Pink) Merk Sidu;Rim;66000
Kertas Warna A4 80 Gr (Rainbow Pack) Merk Sidu;Pak;52000
Kertas Warna F4 70 Gr (Biru) Merk Sidu;Rim;75000
Kertas Warna F4 70 Gr (Hijau) Merk Sidu;Rim;75000
Kertas Warna F4 70 Gr (Kuning) Merk Sidu;Rim;75000
Kertas Warna F4 70 Gr (Pink) Merk Sidu;Rim;75000
Keset Anyam Kain;Pcs;8000
Keset Handuk 40 x 60;Pcs;25000
Keset Karet (Welcome) 40 x 60;Pcs;36000
Keset Karet (Welcome) 60 x 90;Pcs;110000
Keset Karet Bihun 40 x 60 Polos;Pcs;36500
Keset Karet Bihun 60 x 90 Polos;Pcs;125000
Keyboard Logitech K120;Pcs;116000
Kit Shampoo Mobil ref. 720 Ml (Wash & Glow);Pcs;20500
Kopi Bubuk Special 150 / 160 Gr - Kapal Api;Pcs;27500
Kopi Goodday Cappucino @10;Renceng;25000
Kopi Kapal Api 350 / 380 Gr special;Pcs;60500
Kopi Kapal Api Mix 23 / 24 Gr;Pcs;2100
Kopi Nescafe Botol 200 Gr;Botol;120700
Kopi Nescafe Classic 2 Gr @60;Pak;83500
Kopi Nescafe Classic 90 Gr (Bungkusan);Pcs;60000
Label A4 L01 Merk Tom and Jerry;Pak;35500
Label Direct Thermal Sticker 100 x 150 1line @300 - Blueprint;Roll;41500
Label Direct Thermal Sticker 100 x 150 1line @400 - Blueprint;Roll;60000
Label Direct Thermal Sticker 50 x 30 @1000 - Blueprint;Roll;25000
Label Direct Thermal Sticker 60 x 40 (1 Line) @500;Roll;20500
Label Direct Thermal Sticker 78 x 100 @300 - Blueprint;Roll;32000
Label Direct Thermal Sticker Uk. 33 x 15 1 Line 40mm;Roll;8000
Label No. 100 Tom and Jerry;Pad;5000
Label No. 101 Tom and Jerry;Pad;5000
Label No. 102 Tom and Jerry;Pad;5000
Label No. 103 Biru - Tom and Jerry;Pad;5000
Label No. 103 Hijau Tom and Jerry;Pad;5000
Label No. 103 Kuning Tom and Jerry;Pad;5000
Label No. 103 Merah Tom and Jerry;Pad;5000
Label No. 103 Merk Bunny;Pad;5000
Label No. 103 Merk Star;Pad;5000
Label No. 103 Orange - Tom and Jerry;Pad;5000
Label No. 103 Pink - Tom and Jerry;Pad;5000
Label No. 103 Tom and Jerry;Pad;5000
Label No. 103 Transparant Tom and Jerry;Box;312500
Label No. 104 Tom and Jerry;Pad;5000
Label No. 105 (Biru) Tom and Jerry;Pad;7500
Label No. 105 (Hijau) Tom and Jerry;Pad;7500
Label No. 105 (Kuning) Tom and Jerry;Pad;7500
Label No. 105 (Merah) Tom and Jerry;Pad;7500
Label No. 105 (Orange) Tom and Jerry;Pad;7500
Label No. 105 (Pink) Tom and Jerry;Pad;7500
Label No. 105 Tom and Jerry;Pad;5000
Label No. 106 Tom and Jerry;Pad;5000
Label No. 107 (Hijau) Merk Tom and Jerry;Pad;7500
Label No. 107 (Kuning) Merk Tom and Jerry;Pad;7500
Label No. 107 (Merah) Merk Tom and Jerry;Pad;7500
Label No. 107 Tom and Jerry;Pad;5000
Label No. 108 (Biru) Merk Tom and Jerry;Pad;7500
Label No. 108 (Hijau) Merk Tom and Jerry;Pad;7500
Label No. 108 (Kuning) Merk Tom and Jerry;Pad;7500
Label No. 108 (Merah) Merk Tom and Jerry;Pad;7500
Label No. 108 (Pink) Merk Tom and Jerry;Pad;7500
Label No. 108 Tom and Jerry;Pad;5000
Label No. 109 Tom and Jerry;Pad;5000
Label No. 110 Tom and Jerry;Pad;5000
Label No. 111 Tom and Jerry;Pad;5000
Label No. 112 (Biru) - Tom and Jerry;Pad;7500
Label No. 112 (Merah) - Tom and Jerry;Pad;7500
Label No. 112 (Orange) Tom and Jerry;Pad;7500
Label No. 112 (Pink) - Tom and Jerry;Pad;7500
Label No. 112 Tom and Jerry;Pad;5000
Label No. 113 Biru Tom and Jerry;Pad;7500
Label No. 113 Hijau Tom and Jerry;Pad;7500
Label No. 113 Kuning Tom and Jerry;Pad;7500
Label No. 113 Merah Tom and Jerry;Pad;7500
Label No. 113 Orange Tom and Jerry;Pad;7500
Label No. 113 Orange Tom and Jerry;Pad;7500
Label No. 113 Tom and Jerry;Pad;5000
Label No. 114 (Biru) Tom and Jerry;Pad;7500
Label No. 114 (Hijau) Tom and Jerry;Pad;7500
Label No. 114 (Kuning) Tom and Jerry;Pad;7500
Label No. 114 (Merah) Merk Tom and Jerry;Pad;7500
Label No. 114 (Orange) Tom and Jerry;Pad;7500
Label No. 114 (Pink) Tom and Jerry;Pad;7500
Label No. 114 Tom and Jerry;Pad;5000
Label No. 115 Tom and Jerry;Pad;5000
Label No. 115 Warna (Biru) Merk Tom and Jerry;Pad;7500
Label No. 115 Warna (Hijau) Merk Tom and Jerry;Pad;7500
Label No. 115 Warna (Kuning) Merk Tom and Jerry;Pad;7500
Label No. 115 Warna (Merah) Merk Tom and Jerry;Pad;7500
Label No. 115 Warna (Orange) Merk Tom and Jerry;Pad;7500
Label No. 115 Warna (Pink) Merk Tom and Jerry;Pad;7500
Label No. 116 Tom and Jerry;Pad;5000
Label No. 116 Tom and Jerry (Biru);Pad;7500
Label No. 116 Tom and Jerry (Hijau);Pad;7500
Label No. 116 Tom and Jerry (Kuning);Pad;7500
Label No. 116 Tom and Jerry (Merah);Pad;7500
Label No. 117 Biru Tom and Jerry;Pad;7500
Label No. 117 Biru Tom and Jerry;Pad;7500
Label No. 117 Hijau Tom and Jerry;Pad;7500
Label No. 117 Kuning Tom and Jerry;Pad;7500
Label No. 117 MerahTom and Jerry;Pad;7500
Label No. 117 Orange - Tom and Jerry;Pad;7500
Label No. 117 Pink Tom and Jerry;Pad;7500
Label No. 117 Tom and Jerry;Pad;5000
Label No. 118 (Biru) Merk Tom and Jerry;Pad;7500
Label No. 118 (Hijau) - Tom and Jerry;Pad;7500
Label No. 118 (Kuning) Merk Tom and Jerry;Pad;7500
Label No. 118 (Merah) Merk Tom and Jerry;Pad;7500
Label No. 118 (Orange) Merk Tom and Jerry;Pad;7500
Label No. 118 (Pink) Merk Tom and Jerry;Pad;7500
Label No. 118 Tom and Jerry;Pad;5000
Label No. 119 (Kuning) Tom and Jerry;Pad;7500
Label No. 119 (Merah) Tom and Jerry;Pad;7500
Label No. 119 Tom and Jerry;Pad;5000
Label No. 120 Tom and Jerry;Pad;5000
Label No. 121 (Biru) Tom and Jerry;Pad;7500
Label No. 121 (Hijau) Tom and Jerry;Pad;7500
Label No. 121 (Kuning) Tom and Jerry;Pad;7500
Label No. 121 (Merah) Tom and Jerry;Pad;7500
Label No. 121 (Orange) Tom and Jerry;Pad;7500
Label No. 121 (Pink) Tom and Jerry;Pad;7500
Label No. 121 Tom and Jerry;Pad;5000
Label No. 122 Tom and Jerry;Pad;5000
Label No. 123 Tom and Jerry;Pad;5000
Label No. 123 Tom and Jerry (Biru);Pad;7500
Label No. 123 Tom and Jerry (Hijau);Pad;7500
Label No. 123 Tom and Jerry (Kuning);Pad;7500
Label No. 123 Tom and Jerry (Merah);Pad;7500
Label No. 123 Tom and Jerry (Orange);Pad;7500
Label No. 123 Tom and Jerry (Pink);Pad;7500
Label No. 124 Tom and Jerry;Pad;5000
Label No. 125 Tom and Jerry;Pad;5000
Label No. 126 Tom and Jerry;Pad;5000
Label No. 127 Tom and Jerry;Pad;5000
Label No. 128 Tom and Jerry;Pad;5000
Label No. 129 Tom and Jerry;Pad;5000
Label No. 97 Tom and Jerry;Pad;5000
Label No. 98 Tom and Jerry;Pad;5000
Label No. 99 Tom and Jerry;Pad;5000
Label Panah No. 130 Tom and Jerry;Pad;7500
Label Printer Casio 12 mm (Blue) XR-12BU1;Pcs;169000
Label Printer Casio 12 mm (Clear) XR-12X1;Pcs;169000
Label Printer Casio 12 mm (Green) XR-12GN1;Pcs;169000
Label Printer Casio 12 mm (Red) XR-12RD1;Pcs;169000
Label Printer Casio 12 mm (White) XR-12WE1;Pcs;169000
Label Printer Casio 12 mm (Yellow) XR-12YW1;Pcs;169000
Label Printer Casio 18 mm (Clear) XR-18X1;Pcs;185000
Label Printer Casio 18 mm Blue XR-18BU1;Pcs;185000
Label Printer Casio 18 mm Green XR-18GN1;Pcs;185000
Label Printer Casio 18 mm Red XR-18RD1;Pcs;185000
Label Printer Casio 18 mm White XR-18WE1;Pcs;185000
Label Printer Casio 18 mm Yellow XR-18YW1;Pcs;185000
Label Printer Casio 24 mm (Blue) XR-24BU1;Pcs;216000
Label Printer Casio 24 mm (Green) XR-24GN1;Pcs;216000
Label Printer Casio 24 mm (Red) XR-24RD1;Pcs;216000
Label Printer Casio 24 mm (White) XR-24WE1;Pcs;216000
Label Printer Casio 24 mm (Yellow) XR-24YW1;Pcs;216000
Label Printer Casio 24mm (Clear) XR-24X1;Pcs;216000
Label Printer Casio 6mm (Clear) XR-6X1;Pcs;138000
Label Printer Casio 6mm (Green);Pcs;138000
Label Printer Casio 6mm (Merah);Pcs;138000
Label Printer Casio 6mm (White);Pcs;138000
Label Printer Casio 9 mm (Blue) XR-9BU1;Pcs;153000
Label Printer Casio 9 mm (Clear) XR-9 X1;Pcs;153000
Label Printer Casio 9 mm (Green) XR-9GN1;Pcs;153000
Label Printer Casio 9 mm (Red) XR-9RD1;Pcs;153000
Label Printer Casio 9 mm (White) XR-9WE1;Pcs;153000
Label Printer Casio 9 mm (Yellow) XR-9YW1;Pcs;153000
Lakban Bening 100yd - Goldtape (Merah);Roll;10500
Lakban Bening 2 inci 100yd - Daimaru;Roll;12500
Lakban Bening 2 inci 100yd Merk Nachi;Roll;12500
Lakban Bening 2 inci 90yd - Daimaru;Roll;11750
Lakban Bening 2 inci x 100yd - Nachi;Roll;10500
Lakban Bening 3 inci Merk Nachi;Roll;16500
Lakban Bening 45 x 90y - Everfix;Roll;5500
Lakban Bening 90yd - Goldtape (Hijau);Roll;8500
Lakban Coklat  2 inci 100yd Merk Nachi;Roll;12500
Lakban Coklat 100yd - Goldtape (Merah);Roll;10500
Lakban Coklat 2 inci 90yd - Daimaru;Roll;11750
Lakban Coklat 2 inci x 100yd - Nachi;Roll;10500
Lakban Coklat 90yd - Goldtape (Hijau);Roll;8500
Lakban Fragile 48mm x 100yard - Bodhi Tape;Roll;14500
Lakban Fragile 48mm x 50mtr (OPP-3FR-50) - Joyko;Roll;10500
Lakban Kain 1 1/2 inci Hitam - Daimaru;Roll;12500
Lakban Kain 1 inci Hitam - Daimaru;Roll;8000
Lakban Kain 2 inci Biru - Daimaru;Roll;17500
Lakban Kain 2 inci Biru Merk Nachi;Roll;15000
Lakban Kain 2 inci Coklat/ Cream - Daimaru;Roll;17500
Lakban Kain 2 inci Hijau Merk Nachi;Roll;15000
Lakban Kain 2 inci Hitam - Daimaru;Roll;15250
Lakban Kain 2 inci Hitam Merk Nachi;Roll;14500
Lakban Kain 2 inci Kuning Merk Nachi;Roll;15000
Lakban Kain 2 inci Merah - Daimaru;Roll;17500
Lakban Kain 2 inci Merah Merk Nachi;Roll;15000
Lakban Kain 2 inci Putih Merk Nachi;Roll;15000
Lakban Kain 2 inci Silver - Yatta;Roll;17500
"Lakban Kain 2"" Kuning - Daimaru";Roll;17500
Lakban Kertas 1 inci Merk Daimaru;Roll;7000
Lakban Kertas 1 inci Merk Nachi;Roll;5250
Lakban kertas 1/2 inci - Daimaru;Roll;3500
Lakban Kertas 1/2 inci Merk Nachi;Roll;3000
Lakban Kertas 2 inci Merk Daimaru;Roll;14000
"Lakban Kertas 2"" Merk Nachi";Roll;10500
Lakban Lantai 3M 764 1 inci (Kuning);Roll;38000
Lakban Lantai 3M 764 2 inci 33 Mtr (Biru);Roll;69500
Lakban Lantai 3M 764 2 inci 33 Mtr (Hijau);Roll;69500
Lakban Lantai 3M 764 2 inci 33 Mtr (Kuning);Roll;69500
Lakban Lantai 3M 764 2 inci 33 Mtr (Merah);Roll;69500
Lakban Lantai 3M 764 2 inci 33 Mtr (Putih);Roll;69500
Lap Kaca Microfiber ID 81 Scotch Brite 3M;Pcs;35000
Lap Kanebo Champion;Pcs;17000
Lap Kanebo Merk Kenmaster;Pcs;25000
Lap Microfiber Uk. 30 x 30 Cm - Kleaner;Pcs;11000
Lap Tangan Gantung;Pcs;12000
Lem Alteco Power Glue;Pcs;5500
Lem Cair 50 ml Merk Joyko;Pcs;2500
Lem Cair 50 ml Merk Kenko (LG50);Pcs;3000
Lem Fox 1 Kg;Pcs;34000
Lem Fox 1/2 Kg (500 Gr);Pcs;19000
Lem Fox 150 Gr;Pcs;12000
Lem Instant Glue 15 Gr - Dextone;Pcs;8500
Lem Power Glue - General;Pcs;5500
Lem Power Glue Botol (korea);Pcs;6000
Lem Stick 15 Gr Merk Kenko;Pcs;4000
Lem Stick 25 Gr Merk Kenko;Pcs;5500
Lem Stick 8 Gr Merk Kenko;Pcs;2500
Lem Stik 21 Gr Merk UHU;Pcs;19500
Lem Stik 40 Gr Merk UHU;Pcs;30500
Lem Stik 8 gr Merk Joyko;Pcs;2500
Lem Stik 8,2 Gr Merk UHU;Pcs;10500
Lem Stik GS-107 36 Gr - Joyko;Pcs;6000
Lem Stik GS-25 Gr - Joyko;Pcs;5500
Lem Tikus 100 Ml Merk Gajah;Pcs;20000
Lem Tikus 70gr Merk Gajah (Papan);Pcs;20000
Lif Off Merk Fullmark;Pcs;10000
Lilin Lem Tembak Besar (pcs);Pcs;3500
Lilin Lem Tembak Kecil (Kg);Kg;80000
Lilin Lem Tembak Kecil (pcs);Pcs;2000
Lobby Duster 60 Cm (Kain Pel)  9824 Merk Nagata;Pcs;127000
Lobby Duster 60 Cm (Kain Pel)  NGT9873 Merk Nagata;Pcs;84000
Lobby Duster 60Cm MP231 - Dragon;Pcs;80000
Luwak White Coffee 20 Gr  @ 10;Renceng;17500
Magnet WB No. 20 Merk Joyko;Set;7000
Magnet WB No. 30 Merk Joyko;Set;6000
Magnet WB No. 40 Merk Joyko;Set;8000
MAINTENANCE BOX C9345;Pcs;580000
Maintenance Box L1455 T6711;Pcs;515000
MAINTENANCE T04D1;Pcs;155000
Map Gantung Bantex 3470-06 (Kuning);Pcs;7600
Map Gantung Bantex 3470-09 (Merah);Pcs;7600
Map Gantung Bantex 3470-11 (Cobalt Blue);Pcs;7600
Map Gantung Bantex 3470-15 (Hijau);Pcs;7600
Map Gantung Merk Fujita;Pcs;4200
Map Gantung No. 69 Lihit;Pcs;4200
Map Jaring DCB-34 A4 Kombinasi - Joyko;Pcs;10000
Map Jaring DCB-34 A5 Kombinasi - Joyko;Pcs;6000
Map Jaring DCB-34 B4 Kombinasi - Joyko;Pcs;12000
Map Jaring DCB-34 B5 Kombinasi - Joyko;Pcs;10000
Map Jaring DCB-34 Bill (Cabinet) Kombinasi - Joyko;Pcs;5500
Map Jaring Kancing (School Bag);Pcs;15000
Map Jaring Uk. Folio (Zipper Bag);Pcs;12500
Map Kancing (Bening) Merk Vindex / Dataflex;Pcs;3200
Map Kancing (Biru) Merk Daichi;Pcs;7000
Map Kancing (Biru) Merk Vindex / Dataflex;Pcs;3200
Map Kancing (Hijau) Merk Vindex / Dataflex;Pcs;3200
Map Kancing (Kuning) Merk Vindex / Dataflex;Pcs;3200
Map Kancing (Merah) Merk Vindex / Dataflex;Pcs;3200
Map Kancing Bening Merk Felix;Pcs;3300
Map Karton 5001 (Biru Muda Merk Diamond;Pcs;1750
Map Karton 5001 (Biru Muda) Merk Biola;Pcs;1650
Map Karton 5001 (Biru) Merk Biola;Pcs;1650
Map Karton 5001 (Hijau) Merk Biola;Pcs;1650
Map Karton 5001 (Kuning) Merk Biola;Pcs;1650
Map Karton 5001 (Merah) Merk Biola;Pcs;1650
Map Karton 5001 (Orange) Merk Biola;Pcs;1650
Map Karton 5001 (Orange) Merk Diamond;Pcs;1750
Map Karton 5001 (Pink) Merk Biola;Pcs;1650
Map Karton 5001 (Pink) Merk Diamond;Pcs;1750
Map Karton 5001 Biru Merk Diamond;Pcs;1750
Map Karton 5001 Coklat Merk Diamond;Pcs;1750
Map Karton 5001 Hijau Merk Diamond;Pcs;1750
Map Karton 5001 Kuning Merk Diamond;Pcs;1750
Map Karton 5001 Merah Merk Diamond;Pcs;1750
Map Karton 5002 (Biru Benhur) No. 6 Merk Biola;Pcs;1450
Map Karton 5002 (Biru Muda) Merk Diamond;Pcs;1600
Map Karton 5002 (Biru Muda) No. 7 Merk Biola;Pcs;1450
Map Karton 5002 (Biru Tua) No. 5 Merk Biola;Pcs;1450
Map Karton 5002 (Hijau Muda) No. 10 Merk Biola;Pcs;1450
Map Karton 5002 (Hijau Tua) No. 8 Merk Biola;Pcs;1450
Map Karton 5002 (Kuning) No. 3 Merk Biola;Pcs;1450
Map Karton 5002 (Merah) No. 1 Merk Biola;Pcs;1450
Map Karton 5002 (Orange) Merk Diamond;Pcs;1600
Map Karton 5002 (Orange) No. 2 Merk Biola;Pcs;1450
Map Karton 5002 (Pink) No. 4 Merk Biola;Pcs;1450
Map Karton 5002 (Putih)  Merk Biola;Pcs;1450
Map Karton 5002 Biru Merk Diamond;Pcs;1600
Map Karton 5002 Coklat Merk Diamond;Pcs;1600
Map Karton 5002 Cream Merk Diamond;Pcs;1600
Map Karton 5002 Hijau Merk Diamond;Pcs;1600
Map Karton 5002 Kuning Merk Diamond;Pcs;1600
Map Karton 5002 Merah Merk Diamond;Pcs;1600
Map Karton 5002 Pink Merk Diamond;Pcs;1600
Map L (Biru) A4 Daiichi;Pcs;2375
Map L (Biru) F4 Daiichi;Pcs;2375
Map L (Hijau) A4 Daiichi;Pcs;2375
Map L (Hijau) F4 Daiichi;Pcs;2400
Map L (Kuning) A4 Daiichi;Pcs;2375
Map L (Kuning) F4 Daiichi;Pcs;2400
Map L (Merah) A4 Daiichi;Pcs;2375
Map L (Merah) F4 Daiichi;Pcs;2375
Map L Bening A4 9001 Daiichi;Pcs;2375
Map L Bening A4 Merk Inter X;Pcs;1500
Map L Bening F4 9002 Daiichi;Pcs;2375
Map L Bening F4 Merk Inter X;Pcs;1500
Map L Bening Uk. F4 Merk Etona;Pcs;1500
Map Plastik Kancing (Bening) Merk Inter X;Pcs;3200
Map Plastik Kancing (Biru) Merk Inter X;Pcs;3200
Map Plastik Kancing (Hijau) Merk Inter X;Pcs;3200
Map Plastik Kancing (Kuning) Merk Inter X;Pcs;3200
Map Plastik Kancing (Merah) Merk Inter X;Pcs;3200
Map Plastik Kancing (Ungu) Merk Inter X;Pcs;3200
Map Plastik Kancing A5 (Bening) Merk Inter X;Pcs;2500
Map Plastik Kancing A5 (Biru) Merk Inter X;Pcs;2500
Map Plastik Kancing A5 (Hijau) Merk Inter X;Pcs;2500
Map Plastik Kancing A5 (Kuning) Merk Inter X;Pcs;2500
Map Plastik Kancing A5 (Merah) Merk Inter X;Pcs;2500
Map Plastik Tali (Bening) Merk Inter X;Pcs;3200
Map Plastik Tali (Biru) Merk Inter X;Pcs;3200
Map Plastik Tali (Hijau) Merk Inter X;Pcs;3200
Map Plastik Tali (Kuning) Merk Inter X;Pcs;3200
Map Plastik Tali (Merah) Merk Inter X;Pcs;3200
Masker @50 - Safemask;Pak;16000
Masker @50 Remedi;Pak;23000
Materai 10000;Pcs;11000
Memo Cady 8312 - Kenko;Pcs;28500
Memo Cady Besi (Desk Set) DS-19 Joyko;Pcs;28000
Memo Cady Set Besi 9058 V-Tec;Pcs;33000
Mesin Laminating A3 LM-02/ 02A Merk Joyko;Pcs;1130000
Mesin Lem Tembak Besar GG-851 Merk Joyko;Pcs;58000
Mesin Lem Tembak Kecil GG-850 Merk Joyko;Pcs;34000
Mesin Price Labelier MX 5500 M - Joyko;Pcs;42000
Meteran 3 Meter;Pcs;23000
Meteran 5 Meter ;Pcs;29000
Meteran 7,5 Meter - Krisbow;Pcs;89000
Meteran Magnet 7,5 Meter (10540469) - Krisbow;Pcs;89000
Meteran Roll PRTT 290 - Joyko;Pcs;8500
Minyak Kayu Putih 15 Ml Cap Lang;Pcs;8000
Money Detector MD 100 Merk Joyko;Pcs;105000
Mouse M 170 Merk Logitech;Pcs;121000
Mouse M 185 Logitech Wireless;Pcs;172500
Mouse M 187 Logitech;Pcs;174000
Mouse Pad RP05-M - Robot;Pcs;8500
Mouse Wireless M 331 (Silent) Merk Logitech;Pcs;236500
Name Card Holder 128 (4 Kolom) - Nafa;Pcs;23000
Name Card Holder 6282 Bambi;Pcs;98000
Nampan Plastik No.2 T-2 - Lion Star;Pcs;16000
Obat Eye Flush Rohto;Pcs;40000
Obat Tablet Bodrex Extra (Strip);Strip;5000
Obat Tablet Diapet isi 4 kapsul (Strip);Strip;6000
Obat Tablet Panadol Biru (sakit kepala, demam, nyeri);Strip;14000
Obat Tablet Panadol Hijau (flu & batuk);Strip;19000
Obat Tablet Panadol Merah Extra (sakit kepala);Strip;15000
Obat Tablet Promag (Strip);Strip;10500
Obat Ultraflu Tablet (Strip);Strip;4000
Open Tape Dispenser No. 20 - Lion;Pcs;12500
Open Tape Dispenser No. 50 - Lion;Pcs;23000
Open Tape Dispenser No. 7 - Lion;Pcs;16500
Open Tape Dispenser TD 103 Merk Joyko;Pcs;19000
Open Tape Dispenser TD 323 Kenko;Pcs;19000
OPP Tape Dispenser  TD-2 (Plastik) Joyko;Pcs;14500
OPP Tape Dispenser (Besi) TC-119 - Joyko;Pcs;18500
OPP Tape Dispenser (besi) TD-2S - Joyko;Pcs;18500
OPP Tape Dispenser (Gagang) TD-2H - Joyko;Pcs;42000
OPP Tape Dispenser PDL-01 (plastik) - Lion;Pcs;14500
OPP Tape Dispenser SDL-01 / SDL-02 (besi) - Lion;Pcs;29500
"OPP Tape Dispenser TD 3 Joyko (U/ 3"")";Pcs;19500
OPP Tape Dispenser VT 216 Merk V-Tec;Pcs;21000
Ordner Bambi 1011 A4 (Hitam);Pcs;27500
Ordner Bambi 1012 - 01 (Biru);Pcs;27500
Ordner Bantex 1311-01 (Biru);Pcs;99000
Ordner Bantex 1450-04 (Hijau);Pcs;31000
Ordner Bantex 1450-06 (Kuning);Pcs;31000
Ordner Bantex 1450-07 (White);Pcs;31000
Ordner Bantex 1450-09 (Merah);Pcs;31000
Ordner Bantex 1450-11 (Cobalt Blue);Pcs;31000
Ordner Bantex 1450-12 (Orange);Pcs;31000
Ordner Bantex 1450-15 (Gress Green);Pcs;31000
Ordner Bantex 1450-19 (Pink);Pcs;31000
Ordner Bantex 1450-21 (Lilac);Pcs;31000
Ordner Bantex 1450-22 (Turquoise);Pcs;31000
Ordner Bantex 1451 - 05 (Grey) A4 5 Cm;Pcs;31000
Ordner Bantex 1451 - 07 (Putih) A4 5 Cm;Pcs;31000
Ordner Bantex 1451 - 09 (Merah) A4 5 Cm;Pcs;31000
Ordner Bantex 1451 - 10 (Hitam) A4 5 Cm;Pcs;31000
Ordner Bantex 1451 - 65 (Lime) A4 5 Cm;Pcs;31000
Ordner Bantex 1451 (Biru) A4 5 Cm;Pcs;31000
Ordner Bantex 1465 - 01 (Biru);Pcs;31000
Ordner Bantex 1465 - 04 (Hijau);Pcs;31000
Ordner Bantex 1465 - 05 (Grey);Pcs;31000
Ordner Bantex 1465 - 06 (Kuning);Pcs;31000
Ordner Bantex 1465 - 09 (Merah);Pcs;31000
Ordner Bantex 1465 - 10 (Hitam);Pcs;31000
Ordner Bantex 1465 - 12 (Orange);Pcs;31000
Ordner Bantex 1465 - 13 (Beige);Pcs;31000
Ordner Bantex 1465 - 17 (Silver);Pcs;31000
Ordner Bantex 1465 - 19 (Pink);Pcs;31000
Ordner Bantex 1465 - 22 (Turquoise);Pcs;31000
Ordner Bantex 1465 - 26 (Lemon);Pcs;31000
Ordner Bantex 1465 - 62 (Blueberry);Pcs;31000
Ordner Bantex 1465 - 63 (Melon);Pcs;31000
Ordner Bantex 1465 - 64 (Manggo);Pcs;31000
Ordner Bantex 1465 - 76 (Cool Aqua);Pcs;31000
Ordner Bantex 1465-07 (White);Pcs;31000
Ordner Bantex 1465-11 (Cobalt Blue);Pcs;31000
Ordner Bantex 1465-15 Grass Green;Pcs;31000
Ordner Bantex 1465-21 (Lilac);Pcs;31000
Ordner Bantex 1465-23 (Sky Blue);Pcs;31000
Ordner Bantex 1465-61 (Grape);Pcs;31000
Ordner Bantex 1465-65 (Lime);Pcs;31000
Ordner Bantex 1466 - 09 (Merah) 5 Cm;Pcs;31000
Ordner Bantex 1466 - 11 (Light Blue) 5 Cm;Pcs;31000
Ordner Bantex 1466 - 12 (Orange) 5 Cm;Pcs;31000
Ordner Bantex 1466 - 15 (Grass Green) 5 Cm;Pcs;31000
Ordner Bantex 1466 - 19 (Pink) 5 Cm;Pcs;31000
Ordner Bantex 1466 - 45 (Peach) 5 Cm;Pcs;31000
Ordner Bantex 1466 - 65 (Lime) 5 Cm;Pcs;31000
Ordner Bantex 1466 (Biru) 5 Cm;Pcs;31000
Ordner Bantex 1466 (Hitam) 5 Cm;Pcs;31000
Ordner Bantex 1466-07 (Putih) 5 Cm;Pcs;31000
Ordner Bantex 1466-21 (Lilac) 5 Cm;Pcs;31000
Ordner Bantex 1466-22 (Turquise) 5 Cm;Pcs;31000
Ordner Bantex 1466-23 (Sky Blue) 5 Cm;Pcs;31000
Ordner Bantex 8222-01 (Biru);Pcs;28500
Ordner Bantex 8222-10 (Hitam);Pcs;28500
Ordner Bantex A4 1450-01 (Biru);Pcs;30500
Ordner Bantex A4 1450-05 (Grey);Pcs;30500
Ordner Bantex A4 1450-10 (Hitam);Pcs;30500
Ordner Bantex A4 1450-63 (Melon);Pcs;30500
Ordner Bantex A4 1450-65 (Lime);Pcs;30500
Ordner Bantex A5 1403-10 (Hitam);Pcs;16000
Ordner Bantex F4 1401-01 (Biru);Pcs;16000
Ordner Bantex F4 1401-10 (Hitam);Pcs;16000
Ordner Bantex F4 1402-10 (Hitam);Pcs;19500
Ordner Folio 727 Biru Merk Bindex;Pcs;23500
Ordner Folio 727 Hitam Merk Bindex;Pcs;23500
Ordner Folio Bantex Trendy 1446 (Biru);Pcs;18000
Ordner Folio Bantex Trendy 1446 (Hitam);Pcs;18000
Ordner Folio Bantex Trendy 1446 (Merah);Pcs;18000
Ordner Folio Bantex Trendy 1447 (Biru) @ 5 mm;Pcs;18000
Ordner Folio Bantex Trendy 1447 (Hijau) @ 5 mm;Pcs;18000
Ordner Folio Bantex Trendy 1447 (Hitam) @ 5 mm;Pcs;18000
Ordner Folio Bantex Trendy 1447 (Merah) @ 5 mm;Pcs;18000
Ordner Folio Biru 717 Merk Bindex;Pcs;23500
Ordner Folio Biru Merk Gema;Pcs;16000
Ordner Folio Hitam 717 Merk Bindex;Pcs;23500
Ordner Folio Hitam Merk Gema;Pcs;16000
Ordner Kwitansi (Hitam) Merk Forte Enduro Premium;Pcs;16000
Ordner Kwitansi Bantex 1452/ 1453-23 (Sky Blue);Pcs;28500
Ordner Kwitansi Bantex 1452-01 (Biru);Pcs;28500
Ordner Kwitansi Bantex 1452-04 (Hijau);Pcs;28500
Ordner Kwitansi Bantex 1452-05 (Grey);Pcs;28500
Ordner Kwitansi Bantex 1452-06 (Kuning);Pcs;28500
Ordner Kwitansi Bantex 1452-07 (Putih);Pcs;28500
Ordner Kwitansi Bantex 1452-09 (Merah);Pcs;28500
Ordner Kwitansi Bantex 1452-10 (Hitam);Pcs;28500
Ordner Kwitansi Bantex 1452-11 (Cobalt Blue);Pcs;28500
Ordner Kwitansi Bantex 1452-12 (Orange);Pcs;28500
Ordner Kwitansi Bantex 1452-19 (Pink);Pcs;28500
Ordner Kwitansi Bantex 1452-21 (Lilac);Pcs;28500
Ordner Kwitansi Bantex 1452-22(Turquise);Pcs;28500
Ordner Kwitansi Bantex 1452-63 (Melon);Pcs;28500
Ordner Kwitansi Bantex 1452-65 (Lime);Pcs;28500
Ordner kwitansi Bantex Trendy A5 1448-01 (Biru);Pcs;18000
Ordner kwitansi Bantex Trendy A5 1448-01 (Grey);Pcs;18000
Ordner kwitansi Bantex Trendy A5 1448-01 (Hijau);Pcs;18000
Ordner kwitansi Bantex Trendy A5 1448-01 (Merah);Pcs;18000
Ordner Kwitansi Bantex Trendy A5 1448-10 (Hitam);Pcs;18000
Ordner Kwitansi Biru 777 Merk Bindex;Pcs;23500
Ordner Kwitansi Biru Merk Gema;Pcs;16000
Ordner Kwitansi Hitam 777 Merk Bindex;Pcs;23500
Ordner Kwitansi Hitam Merk Gema;Pcs;16000
Papan Jalan (Doff) Plastik - Butterfly;Pcs;15500
Papan Jalan (Mika) - Butterfly;Pcs;19500
Papan Jalan (Triplex) - Butterfly;Pcs;5000
Papan Jalan Bantex 4205;Pcs;16500
Papan Jalan CLB-61 Merk Joyko;Pcs;14500
Papan Jalan Plastik Doff 303 - Topla;Pcs;16000
Papan Jalan Plastik Mika 708 - Topla;Pcs;15000
Papan Jalan Triplex - Rapico / Executive;Pcs;4500
Papan Whiteboard Gantung 120 x 180 Cm Sakana;Pcs;715000
Papan Whiteboard Gantung 120 x 240 Cm Sakana;Pcs;840000
Papan Whiteboard Gantung 40 x 60 Cm Sakana;Pcs;89000
Papan Whiteboard Gantung 60 x 90 Cm Sakana;Pcs;168000
Papan Whiteboard Gantung 90 x 120 Cm Sakana;Pcs;420000
Paper Clip No. 5 Merk Joyko;Box;4400
Paper Clip No. 5 Merk Kenko;Box;4400
Paper Cutter A3 Merk Kenko;Pcs;280000
Paper Cutter F4 Merk Kenko;Pcs;230000
Paper Tray (3 Susun Besi) DT-25 - Joyko;Pcs;90000
Paper Tray (3 Susun Besi) DT-34 - Joyko;Pcs;115000
Paper Tray (4 Susun Besi) DT-31 - Joyko;Pcs;110000
Paper Tray (5 Susun Besi) DT-41 - Joyko;Pcs;152000
Paper Tray 2 susun Elevated 602 - Microtop;Pcs;65000
Paper Tray 3 Susun (Besi) - V Tec;Pcs;80000
Paper Tray 3 susun Elevated 603 - Microtop;Pcs;72000
Paper Tray 3 susun Executive 803 - Microtop;Pcs;84000
Paper Tray 4 Susun (Besi) - V Tec;Pcs;110000
Pembatas File Bantex 6210 (A4 1 - 10);Pcs;16500
Pembersih Kaca (Glass Cleaner) 3,7 Lt Merk Yuri;Drg;40000
Pembersih Kaca (Squeegee) BR 10 Lion Star;Pcs;16500
Pembersih Kaca Besar (Squeegee) NGT346 L - Nagata;Pcs;25000
Pembersih Kaca Botol 440  Merk Cling;Pcs;12500
Pembersih Kaca Kecil (Squeegee) NGT638 S - Nagata;Pcs;19000
Pembersih Kloset WPC 600 ml;Pcs;23000
Pembersih Lantai 3,6/ 3,5 Liter Merk SOS;Drigen;55000
Pembersih Lantai 3,7L Aganol Merk Yuri;Drigen;58000
Pembersih Tangan (Hand Soap) 3,7Ltr Merk Yuri;Drigen;142500
Pembersih Toilet Botol 450ml Merk Harpic;Pcs;33500
Pembersih Toilet Botol 750ml Merk Harpic;Pcs;52500
Penggaris (Besi) 30 Cm Merk Butterfly;Pcs;6000
Penggaris Besi 100 Cm Merk Kenko;Pcs;45000
Penggaris Besi 15 Cm - Joyko;Pcs;4000
Penggaris Besi 15 Cm Merk Kenko;Pcs;4000
Penggaris Besi 30 Cm - Joyko;Pcs;7000
Penggaris Besi 30 Cm Merk Kenko;Pcs;7000
Penggaris Besi 40 Cm - Joyko;Pcs;12000
Penggaris Besi 50 Cm - Joyko;Pcs;18000
Penggaris Besi 50cm Merk Kenko;Pcs;18000
Penggaris Besi 60 Cm - Joyko / Kenko;Pcs;22000
Penggaris Geometry Set - Faber Castell;Pcs;15500
Penggaris Plastik 30 cm Merk Butterfly;Pcs;2500
Penghapus Besar B20 Putih Merk Joyko;Pcs;2500
Penghapus Besar Hitam (187999/187171) - Faber Castell;Pcs;8500
Penghapus Besar Putih (187996) - Faber Castell;Pcs;8500
Penghapus Kecil Hitam (187299) - Faber Castell;Pcs;2500
Penghapus Kecil Putih (187230) - Faber Castell;Pcs;2500
Penghapus Pensil B20 - Staedtler (Putih);Pcs;8500
Penghapus Pensil B20 Staedtler 526 (Hitam);Pcs;8500
Penghapus Pensil B40 Staedtler (Putih);Pcs;2500
Penghapus Pensil Kecil Hitam Joyko/Kenko;Pcs;1000
Penghapus Pensil Kecil Merk Pentel;Pcs;2000
Penghapus Pensil Kecil Putih Joyko B40;Pcs;1000
Penghapus Whiteboard Kecil WB-803 - Gunindo;Pcs;6000
Penghapus Whiteboard Magnet ERT MM  Merk Artline;Pcs;24500
Penghapus Whiteboard WE-1 Magnet Merk Joyko;Pcs;8500
Penghapus Whiteboard WE-1205 Merk Joyko;Pcs;7500
Penghapus Whiteboard WER-29 Magnet - Kenko;Pcs;6000
Pengki Plastik + Tutup PP833 Dragon;Pcs;34000
Pengki Plastik DP-11 Lion Star;Pcs;40000
Pengki Plastik DP-5 Lion Star;Pcs;37000
Pengki Plastik NGT 0406 - Nagata;Pcs;25500
Pengki Plastik PP832 - Dragon;Pcs;18000
Peniti;Set;2000
Pensil 2B Merk Faber Castel (Hijau);Pcs;3700
Pensil 2B Merk Greebel;Pcs;2850
Pensil 2B Merk Staedtler (Biru);Pcs;3100
Pensil 2B P-88 Merk Joyko;Pcs;800
Pensil Kaca PG 100 (Hijau) Merk Joyko;Pcs;1950
Pensil Kaca PG 100 (Hitam) Merk Joyko;Pcs;1950
Pensil Kaca PG 100 (Kuning) Merk Joyko;Pcs;1950
Pensil Kaca PG 100 (Merah) Merk Joyko;Pcs;1950
Pensil Kaca PG 100 (Putih) Merk Joyko;Pcs;1950
Pensil Mekanik 0,5 H 125 Merk Pilot;Pcs;10500
Pensil Mekanik 0,5 H 165 Merk Pilot;Pcs;14500
Pensil Mekanik 0,5 H 185 Merk Pilot;Pcs;14000
Pensil Mekanik 2B + Reffil Pensil Mekanik 0,7 mm Faber Castell;Pcs;15500
Pensil Mekanik HRG-10R - Pilot;Pcs;13500
Pensil Mekanik Merk Pentel;Pcs;12500
Pensil Mekanik MP-01 Merk Joyko;Pcs;5000
Pensil Mekanik MP01 Merk Kenko;Pcs;4500
Pensil Mekanik MP-19 Merk Joyko;Pcs;4500
Pensil Warna 12w (Kecil) Luna 111A 136 - Staedtler;Set;12500
Penyekat 5 Warna Bantex 6045;Pcs;6000
Penyekat Abjad A - Z 6203 (6286) Pastik;Pcs;27000
Penyekat File Bantex 6235 A4 (1 - 5);Pcs;12000
Permen Fisherman 25 Gr;Pcs;25000
Permen Kopiko;Pak;11000
Permen Mentos;Pak;11000
Pewangi Gantung Stella All In One 42 gram;Pcs;13500
Pita Casio Nylon 13 mm x 6 m (black & red) - Tempo;Pcs;8500
Pita Mesin Struk IR 40 - Print Rite;Pcs;12500
Pita Mesin Struk IR 40 T - Print Rite;Pcs;12500
Pita Mesin Tik AX 10/15 (737 BKSC) - Fullmark;Pcs;60000
Pita Printer ERC - 05 Fullmark;Pcs;32000
Pita Printer ERC - 09/22 Fullmark;Pcs;32000
Pita Printer ERC 05 - Epson;Pcs;39000
Pita Printer ERC 09 Merk Epson;Pcs;39000
Pita Printer ERC 30/34/38 - Print Rite;Pcs;18500
Pita Printer ERC 30/34/38 Fullmark;Pcs;19500
Pita Printer ERC 38 B - Epson Original;Pcs;38000
Pita Tik Brother 1030 Original;Pcs;55000
Pita X 3500 N - G1;Pcs;35000
Plastic Pocket Bantex 2042 / 8042 @100;Pak;157000
Plastik Bantex 2040/ 8040 A4 @100;Pak;92000
Plastik Bantex 8843 F4 @100;Pak;92000
Plastik Bubble Uk. 125 x 50 - Muliapack;Roll;130000
Plastik Bubble Uk. 125 x 50 (3kg) - Yatta;Roll;118000
Plastik Cling Wrap Jumbo 37 m x 38 cm Klinpak;Pak;55000
Plastik ID Card Klip 6,5 x 9,5 Cm;Pcs;2500
Plastik Klip 10 x 15 (@100);Pak;12500
Plastik Klip 12 x 20 (@ 100);Pak;19500
Plastik Klip 16 x 25 (@100);Pak;31000
Plastik Klip 20 x 30 (@100);Pak;47000
Plastik Klip 25 x 35 (@ 100);Pak;65000
Plastik Klip 30 x 40 (@100);Pak;92000
Plastik Klip 35 x 45 (@100);Pak;132000
Plastik Klip 4 x 6 (@100);Pak;4000
Plastik Klip 5 x 8 (@ 100);Pak;4500
Plastik Klip 6 x 10 (@100);Pak;6500
Plastik Klip 7 x 10 (@100);Pak;7500
Plastik Klip 8,7 x 13 (@100);Pak;11000
Plastik Laminating A3 Merk Coral;Pak;145000
Plastik Laminating A3 Merk Joyko;Pak;145000
Plastik Laminating A4 Merk Coral;Pak;68000
Plastik Laminating A4 Merk Joyko;Pak;89000
Plastik Laminating A4 Merk V-Tec;Pak;68000
Plastik Laminating F4 Merk Coral;Pak;70000
Plastik Laminating F4 Merk Joyko;Pak;83000
Plastik Mika Bening A4 Merk Asahi;Pak;42000
Plastik Mika Bening F4 Merk Asahi;Pak;42000
Plastik PE 10 x 20 (1kg isi 4pak) - Tomat;Kg;54500
Plastik PE 12 x 25 (1kg isi 4pak) - Tomat;Kg;54500
Plastik PE 15 x 30 (1kg isi 4pak) - Tomat;Kg;54500
Plastik PE 20 x 35 (1kg isi 4pak) - Tomat;Kg;54500
Plastik PE 20 x 40 (1kg isi 4pak) - Tomat;Kg;54500
Plastik PE 25 x 45 (1kg isi 4pak) - Tomat;Kg;54500
Plastik PE 30 x 45 (1kg isi 2pak) - Tomat;Kg;54500
Plastik PE 35 x 50 (1kg isi 2pak) - Tomat;Kg;54500
Plastik PE 40 x 60 (1kg isi 2pak) - Tomat;Kg;54500
Plastik PE 50 x 75 (1kg isi 2pak) - Tomat;Kg;54500
Plastik PE 60 x 100 (1kg isi 2pak) - Tomat;Kg;54500
Plastik Pocket F4 8045 / 2045 - Bantex;Pak;175000
Plastik PP 10 x 15 (1kg isi 4pak) - Wayang;Kg;46000
Plastik PP 10 x 20 (1kg isi 4pak) - Wayang;Kg;46000
Plastik PP 12 x 25 (1kg isi 4pak) - Wayang;Kg;46000
Plastik PP 12 x 30 (1kg isi 4pak) - Wayang;Kg;46000
Plastik PP 15 x 20 (1kg isi 4pak) - Wayang;Kg;46000
Plastik PP 15 x 30 (1kg isi 4pak) - Wayang;Kg;46000
Plastik PP 17 x 25 (1kg isi 2pak) - Wayang;Kg;46000
Plastik PP 17 x 25 (1kg isi 2pak) - Wayang;Kg;46000
Plastik PP 20 x 35 (1kg isi 2pak) - Wayang;Kg;46000
Plastik PP 20 x 40 (1kg isi 2pak) - Wayang;Kg;46000
Plastik PP 25 x 35 (1kg isi 2pak) - Wayang;Kg;46000
Plastik PP 25 x 45 (1kg isi 2pak) - Wayang;Kg;46000
Plastik PP 30 x 45 (1kg isi 2pak) - Wayang;Kg;46000
Plastik PP 30 x 50 (1kg isi 2pak) - Wayang;Kg;46000
Plastik PP 35 x 50 (1kg isi 2pak) - Wayang;Kg;46000
Plastik PP 40 x 60 (1kg isi 2pak) - Wayang;Kg;46000
Plastik PP 40 x 60 Cm - Gapura;Pak;12000
Plastik PP 45 x 65 (1kg isi 2pak) - Wayang;Kg;46000
Plastik PP 50 x 75 (1kg isi 2pak) - Wayang;Kg;46000
Plastik PP 60 x 100 (1kg isi 2pak) - Wayang;Kg;46000
Plastik PVC ID CARD 200x300 Merk Coral;Pak;44000
Plastik Roll Buah 30 x 45 x 20 Mic;Roll;75000
Plastik Sampah 100 x 120 Cm Merk Klinpak Extra Besar;Pak;29000
Plastik Sampah 40 x 50 Cm Merk Klinpak Kecil;Pak;29000
Plastik Sampah 50 x 75 Merk UP;Pak;17000
Plastik Sampah 60 x 100 merk Centong;Pak;16000
Plastik Sampah 60 x 100 Merk UP;Pak;17000
Plastik Sampah 60 x 80 Cm Merk Klinpak Sedang;Pak;29000
Plastik Sampah 80 x 100 Cm Merk Klinpak Besar;Pak;29000
Plastik Sampah 90 x 120 Cm Merk Banteng;Pcs;3150
Plastik Sampah 90 x 120 merk Centong;Pak;16000
Plastik Sampah 90 x 120 Merk UP;Pak;17000
Plastik Wraping Bening L. 50 Cm P. 125 M T. 17 Mic;Roll;45000
Plastik Wraping Bening L. 50 Cm P. 250 M T. 17 Mic;Roll;90000
Plastik Wraping Bening L. 50 Cm P. 300 M T. 17 Mic;Roll;108000
Plastik Wraping Hitam L. 50 Cm P. 125 M x 20 Mic;Roll;56000
Plastik Wraping Hitam L. 50 Cm P. 300 M x 20 Mic;Roll;155000
Porstek Botol 1000 Ml Yuri;Pcs;22500
Pos It 654 (Warna) @ 4 Merk Pronto;Set;30000
Pos It 657 Merk Pronto ;Pad;11000
Post It (Warna) @4 MMS-2 Merk Joyko;Pad;7500
Post It 653 (Pink) Pronto;Pad;4500
Post It 653 (Warna) @ 5 Merk Pronto;Set;23000
Post It 653 Kuning Merk 3M;Pad;5000
Post It 653 Kuning Merk Pronto;Pad;3500
Post It 653-AN Warna Merk 3M;Pak;65000
Post It 654 (Warna) @ 5 Merk Pronto;Set;30000
Post It 654 (Warna) @5 MMS-1 Merk Joyko;Set;18000
Post It 654 Kuning Merk 3M;Pad;10500
Post It 654 Kuning Merk Pronto;Pad;7000
Post It 654 Kuning MMS-654P Merk Joyko;Pad;5500
Post It 654-5PK / 654-5AN Warna @ 5 - 3M;Set;62000
Post It 654-5SSNE Warna @5 - 3M;Set;62000
Post It 655 Kuning Merk 3M;Pad;17500
Post It 655 Kuning Merk Pronto;Pad;11000
Post It 656 Kuning Merk 3M;Pad;9500
Post It 656 Kuning Merk Pronto;Pad;6000
Post It 657 Kuning Merk 3M;Pad;17000
Post It IM 30 - Joyko (Plastik);Pad;5500
Post It IM 31 - Joyko (Plastik, Panah);Pad;5500
Post It IM 32 - Joyko (kertas);Pad;5500
Post It IM 33 - Joyko (kertas, Panah);Pad;5500
Post It IM 45 - Joyko;Pad;5500
Post It Mark & Notes 670-5AN/670-5ASST Merk 3M;Pak;38000
Post It Mark & Notes Merk Pronto;Pak;10500
Post It MMS-11 Merk Joyko;Pad;7000
Post It Sign Here 680-9 Kuning - 3M;Pad;21000
Post It Sign Here IM 35 - Joyko;Pad;7000
Post It Sign Here IM 37 - Joyko;Pad;13000
Post It Sign Here IM 42 Merk Joyko;Pad;9500
Post It Sign Here Merk Pronto;Pad;17000
PP. Pocket A4 @ 20 ( 5220 ) Bambi;Pack;21500
PP. Pocket A4 @10 Lmb Merk Inter X;Pack;6000
PP. Pocket A4 @50 Lmb Merk Daiichi;Pack;42500
PP. Pocket F4 @ 20 ( 5221 )  Bambi;Pack;24500
PP. Pocket F4 @10 Lmb Merk Inter X;Pack;7000
PP. Pocket F4 @50 Lmb Merk Daiichi;Pack;42500
Punch No. 30 Merk Joyko;Pcs;12500
Punch No. 30 Merk Kenko;Pcs;12500
Punch No. 40 Merk Joyko;Pcs;24000
Punch No. 40 Merk Kenko;Pcs;24000
Punch No. 85 Merk Joyko;Pcs;47500
Punch No. 85 Merk Kenko;Pcs;47500
Punch No. 85XL Merk Kenko;Pcs;52000
Push Pin Merk Joyko / Kenko;Set;3500
Rautan 102 Greebel;Pcs;2500
Rautan 2 Lubang B-24 Joyko;Pcs;4000
Rautan Pensil B-23 Merk Joyko;Pcs;2500
Rautan Putar A-5 Merk Kenko;Pcs;70000
Rautan Putar A-5A/ A-5L Merk Joyko;Pcs;70000
Reffil Ballpoint Gel GPR 200/ 203 Biru - Joyko;Pcs;1500
Reffil Ballpoint Gel GPR 200/ 203 Hitam - Joyko;Pcs;1500
Reffil Ballpoint Gel GPR 263 Hitam - Joyko;Pcs;1500
Reffil Ballpoint Gel GPR 267 Hitam - Joyko;Pcs;1500
Reffil Ballpoint Zebra Sarasa 0,5 (Biru);Pcs;12500
Reffil Ballpoint Zebra Sarasa 0,5 (Hitam);Pcs;12500
Reffil Ballpoint Zebra Sarasa 0,5 (Merah);Pcs;12500
Reffil Ballpoint Zebra Sarasa 0,7 (Biru);Pcs;12500
Reffil Ballpoint Zebra Sarasa 0,7 (Hitam);Pcs;12500
Reffil Ballpoint Zebra Sarasa 0,7 (Merah);Pcs;12500
Reffil Ballpoint Zebra Sarasa 1,0 (Biru);Pcs;12500
Reffil Ballpoint Zebra Sarasa 1,0 (Hitam);Pcs;12500
Reffil Glade Matic 225 ml;Pcs;37500
Reffil Hand Soap 250 Ml - Nuvo;Pcs;13500
Reffil Lobby Duster 60 Cm;Pcs;36000
Reffil Minyak Sunco 2 Liter;Pcs;39500
Reffil Mr Muscle Gel Toilet 36 Ml;Pcs;24000
Reffil Pembersih Kaca 425 / 400 Ml - Cling;Pcs;5000
Reffil Pita Printer #7755 / #8758 Fullmark;Pcs;18000
Reffil Rinso Cair 750/ 700 Ml;Pcs;26500
Reffil Soklin Lantai 770 Ml;Pcs;14500
Reffil Spidol Artline 500 W/B Hijau ESK-50;Pcs;19500
Reffil Spidol Artline 500 W/B Hitam ESK-50;Pcs;19500
Reffil Spidol Artline 500 W/B Merah ESK-50;Pcs;19500
Reffil Spidol Artline 70 Biru ESK-20;Pcs;18500
Reffil Spidol Artline 70 Hijau ESK-20;Pcs;18500
Reffil Spidol Artline 70 Hitam ESK-20;Pcs;18500
Reffil Spidol Artline 70 Merah ESK-20;Pcs;18500
Reffil Staples 1006 J Merk Etona;Box;20000
Reffil Staples 13/8 Etona;Box;25000
Reffil Staples 23/8 Merk Etona;Box;7800
Reffil Staples No. 23/20 Merk Etona;Box;42000
Reffil Staples No. 23/24 Merk Etona;Box;50000
Reffil Staples No. 3 Merk Kenko;Box;1850
Reffil Tip Ex Kertas WH-645R-3P Merk Plus;Pcs;23500
Reffill Balpoint KE-SERIES/ Easy Gell (Biru) Kenko;Pcs;1500
Reffill Balpoint KE-SERIES/ Easy Gell (Hitam) Kenko;Pcs;1500
Refill (isi) AE7 Biru - Standard;Pcs;1000
Refill (isi) AE7 Hitam - Standard;Pcs;1000
Refill (isi) V5 (Biru) - Snowman;Pcs;850
Refill (isi) V5 (Hitam) - Snowman;Pcs;850
Refill (isi) V5 (Merah) - Snowman;Pcs;850
Refill Ballpoint Snowman V1 Biru (Extra Fine);Pcs;850
Refill Ballpoint Snowman V1 Hitam (Extra Fine);Pcs;850
Refill Ballpoint Snowman V1 Merah (Extra Fine);Pcs;850
Refill Cutter A100 Merk Joyko;Tube;2300
Refill Cutter A100 Merk Kenko;Tube;2750
Refill Cutter A100 Merk SDI;Tube;2600
Refill Cutter L150 Merk Joyko;Tube;4250
Refill Cutter L150 Merk Kenko;Tube;5500
Refill Cutter L150 Merk SDI;Tube;5000
Refill Dahlia 225 ml;Pcs;37500
Refill Gun Tacker 1008S (13/8) Merk Joyko;Box;4500
Refill Gun Tacker T3-10MB - Max;Box;16000
Refill K-1 (Biru) - Kenko;Pcs;2500
Refill K-1 (Hitam) - Kenko;Pcs;2500
Refill Karbol 750/ 700 ml Merk SOS;Pcs;14500
Refill Mama Lemon 1500 Ml;Pcs;30000
Refill Mama Lemon 780 / 680 Ml;Pcs;13500
Refill Max Creamer 500 Gr;Pak;43500
Refill Mr Muscle 400 / 440 ml;Pcs;4500
Refill Pembersih Lantai 700 ml Merk SOS;Pcs;14500
Refill Pembersih Lantai Sereh 675/700 ml Merk SOS;Pcs;14500
Refill Pensil Mekanik 0,5 2B - Pilot;Tube;3000
Refill Pensil Mekanik 0,5 2B Merk Joyko;Tube;1500
Refill Pensil Mekanik 0,5 2B Merk Kenko;Tube;3000
Refill Pita Printer #7755 - Epson Original;Pcs;48500
Refill Pita Printer #7755 (15mtr) - Eprint Long;Pcs;10000
Refill Pita Printer #8758 - Epson Original;Pcs;40000
Refill Pita Printer #8758 (10mtr) - Eprint;Pcs;10000
Refill Pita Printer #8758 (15mtr) - Eprint Long;Pcs;10000
Refill Pita Printer #8758 (15mtr) - Eprint Long;Pcs;10000
Refill Pita Printer LQ 2180 (30mtr) - Eprint Non Long;Pcs;22000
Refill Pita Printer LQ 2180 (50mtr) - Eprint Long;Pcs;30000
Refill Pita Printer LQ 2180 Fullmark;Pcs;44000
Refill Pita Printer LQ2170/ 2180 (SO10074) - Epson Original;Pcs;75000
Refill Pita Printer LQ2170/ 2180 Printech;Pcs;18000
Refill Pledge 400 ml (Perawatan furniture);Pcs;23500
Refill Price Labelier LB-2RL (MX 5500) @ 10 joyko;Slop;20000
Refill Price Labelier LB-P2LN (2 Line) - Joyko;Slop;29500
Refill Spidol Permanent (Biru) Snowman;Pcs;9000
Refill Spidol Permanent (Hijau) Snowman;Pcs;9000
Refill Spidol Permanent (Hitam) Snowman;Pcs;9000
Refill Spidol Permanent (Merah) Snowman;Pcs;9000
Refill Spidol Whiteboard (Biru) Snowman;Pcs;14000
Refill Spidol Whiteboard (Hijau) Snowman;Pcs;14000
Refill Spidol Whiteboard (Hitam) Snowman;Pcs;14000
Refill Spidol Whiteboard (Merah) Snowman;Pcs;14000
Refill Spin Mop BM50 - Lion Star;Pcs;29000
Refill Staples 1200 No. 10 Merk SDI;Box;1550
Refill Staples No. 10 Merk Etona;Box;1400
Refill Staples No. 10 Merk Joyko;Box;1000
Refill Staples No. 10 Merk Kangaro;Box;1700
Refill Staples No. 10 Merk Kenko;Box;1275
Refill Staples No. 10 Merk Max;Box;2950
Refill Staples No. 23/10 (1210) Merk Max;Box;20500
Refill Staples No. 23/10 Merk Etona;Box;13000
Refill Staples No. 23/13 (1213) Merk Max;Box;21000
Refill Staples No. 23/13 Merk Etona;Box;17000
Refill Staples No. 23/15 Merk Etona;Box;19000
Refill Staples No. 23/6 Merk Etona;Box;5000
Refill Staples No. 3 (24/6) Merk Kangaro;Box;3600
Refill Staples No. 3 (24/6) Merk Max;Box;5300
Refill Staples No. 3 Merk Etona;Box;3400
Refill Staples No. 3 Merk Joyko;Box;1600
Refill Stella 160 ml Apple;Pcs;37500
Refill Stella 160 ml Balinese Jasmine;Pcs;37500
Refill Stella 160 ml Coffee;Pcs;37500
Refill Stella 160 ml Green Fantasy;Pcs;37500
Refill Stella 160 ml Japanese Sakura;Pcs;37500
Refill Stella 160 ml Lemon;Pcs;37500
Refill Stella 160 ml Orange;Pcs;37500
Refill Stella 160 ml Secret Lavender;Pcs;37500
Refill Stella 160 ml Wild Flower;Pcs;37500
Refill Sunlight 1500 Ml;Pcs;28000
Refill Sunlight 610 G;Pcs;14500
Refill Super Pell 770 ml;Pcs;16000
Refill Wipol  720 / 750 g;Pcs;20750
Refill Yuri Handsoap 375 ml;Pcs;22500
Remover 1164 Merk SDI;Pcs;9500
Remover Bantex BD6502;Pcs;9500
Remover RZ A Merk Max;Pcs;38000
Remover SR 100 Merk Kangaro;Pcs;19000
Remover SR 35 Merk Kangaro;Pcs;9500
Remover SR 52 Merk Joyko;Pcs;17500
Remover SR-51 Merk Joyko;Pcs;6000
Rinso Anti Noda 770 gr;Pcs;30500
Sabun Cuci Piring 18 L - Choice L;Drigen;210000
Sabun Ekonomi (E 500 K);Pcs;2200
Sabun Ekonomi (E 900 K);Pcs;5500
Sabun Ekonomi 1850 Gr;Pcs;26000
Sabun Ekonomi 2850 Gr;Pcs;48000
Sabun Lifeboy Mild Care 90/ 100 Gr;Pcs;6500
Sampul Coklat Gulung Besar @50lbr;Gulung;62000
Saos Sambal ABC 335 Ml;Pcs;22500
Sapu Ijuk Besar SP120 - Dragon;Pcs;25500
Sapu Lidi Gagang (Biasa);Pcs;8500
Sapu Nilon NGT 0717 Merk Nagata;Pcs;28500
Sapu Plafon NGT 317A Merk Nagata;Pcs;65000
Sarung Tangan 8 Benang;Pak;55000
Sarung Tangan Latex Remedi;Pak;58000
Seal Tape Onda;Pcs;5500
Sendok Stainles @6 Doll;Pak;47500
Sikat Bebek WC Orlando SK353 - Dragon;Pcs;9000
Sikat Gagang Panjang  D 938 - Dragon;Pcs;25000
Sikat Lantai Gagang Panjang NGT 833 - Nagata;Pcs;42000
Sikat WC + tempat 101 Merk Lion Star;Pcs;27000
Sikat WC BO-41 No. 131 Merk Lion Star;Pcs;10000
Smart Pocket (document bag opaque) F4 DBX 700F - Inter X;Pcs;5000
Spidol Artline 100 (Biru);Pcs;23000
Spidol Artline 100 (Hijau);Pcs;23000
Spidol Artline 100 (Hitam);Pcs;23000
Spidol Artline 100 (Merah);Pcs;23000
Spidol Artline 107R Permanent (Hitam);Pcs;5000
Spidol Artline 107R Permanent (Merah);Pcs;5000
Spidol Artline 500 Whiteboard (Biru);Pcs;9400
Spidol Artline 500 Whiteboard (Hijau);Pcs;9400
Spidol Artline 500 Whiteboard (Hitam);Pcs;9400
Spidol Artline 500 Whiteboard (Merah);Pcs;9400
Spidol Artline 70 Permanent (Biru);Pcs;8200
Spidol Artline 70 Permanent (Hijau);Pcs;8200
Spidol Artline 70 Permanent (Hitam);Pcs;8200
Spidol Artline 70 Permanent (Kuning);Pcs;8200
Spidol Artline 70 Permanent (Merah);Pcs;8200
Spidol Artline 700 (Biru);Pcs;11000
Spidol Artline 700 (Hijau);Pcs;11000
Spidol Artline 700 (Hitam);Pcs;11000
Spidol Artline 700 (Merah);Pcs;11000
Spidol OPF Seri F (Biru) Snowman;Pcs;7000
Spidol OPF Seri F (Hijau) Snowman;Pcs;7000
Spidol OPF Seri F (Hitam) Snowman;Pcs;7000
Spidol OPF Seri F (Merah) Snowman;Pcs;7000
Spidol OPM Seri M (Biru) Snowman;Pcs;7000
Spidol OPM Seri M (Hijau) Snowman;Pcs;7000
Spidol OPM Seri M (Hitam) Snowman;Pcs;7000
Spidol OPM Seri M (Merah) Snowman;Pcs;7000
Spidol Paint Marker (Biru)  Zebra;Pcs;20500
Spidol Paint Marker (Hijau)  Zebra;Pcs;20500
Spidol Paint Marker (Hitam) Zebra;Pcs;20500
Spidol Paint Marker (Kuning)  Zebra;Pcs;20500
Spidol Paint Marker (Merah)  Zebra;Pcs;20500
Spidol Paint Marker (Pink) Zebra;Pcs;20500
Spidol Paint Marker (Putih)  Zebra;Pcs;20500
Spidol Paint Marker (Silver)  Zebra;Pcs;20500
Spidol Paint Marker Kecil No. EFCP (Hitam) Snowman;Pcs;12250
Spidol Paint Marker Kecil No. EFGP (Gold) Snowman;Pcs;12250
Spidol Paint Marker Kecil No. EFSP (Silver) Snowman;Pcs;12250
Spidol Paint Marker Kecil No. EFWP (Putih) Snowman;Pcs;12250
Spidol Paint Marker Kecil No. FGP (Gold) Snowman;Pcs;12250
Spidol Paint Marker Kecil No. FSP (Silver) Snowman;Pcs;12250
Spidol Paint Marker Kecil No. FWP (Putih) Snowman;Pcs;12250
Spidol Paint Marker No. CP (Biru) Snowman;Pcs;12250
Spidol Paint Marker No. CP (Coklat) Snowman;Pcs;12250
Spidol Paint Marker No. CP (Hijau) Snowman;Pcs;12250
Spidol Paint Marker No. CP (Hitam) Snowman;Pcs;12250
Spidol Paint Marker No. CP (Kuning) Snowman;Pcs;12250
Spidol Paint Marker No. CP (Merah) Snowman;Pcs;12250
Spidol Paint Marker No. CP (Orange) Snowman;Pcs;12250
Spidol Paint Marker No. CP (Pink) Snowman;Pcs;12250
Spidol Paint Marker No. CP (Ungu) Snowman;Pcs;12250
Spidol Paint Marker No. GP (Gold) Snowman;Pcs;12250
Spidol Paint Marker No. SP (Silver) Snowman;Pcs;12250
Spidol Paint Marker No. WP (Putih) Snowman;Pcs;12250
Spidol Permanent (Biru) Snowman AG12;Pcs;4500
Spidol Permanent (Biru) Snowman G12;Pcs;5700
Spidol Permanent (Hijau) Snowman AG12;Pcs;4500
Spidol Permanent (Hijau) Snowman G12;Pcs;5700
Spidol Permanent (Hitam) Snowman AG12;Pcs;4500
Spidol Permanent (Hitam) Snowman G12;Pcs;5700
Spidol Permanent (Merah) Snowman AG12;Pcs;4500
Spidol Permanent (Merah) Snowman G12;Pcs;5700
Spidol Permanent Jumbo 500 (Biru) Snowman;Pcs;15500
Spidol Permanent Jumbo 500 (Hijau) Snowman;Pcs;15500
Spidol Permanent Jumbo 500 (Hitam) Snowman;Pcs;15500
Spidol Permanent Jumbo 500 (Merah) Snowman;Pcs;15500
Spidol Snowman Kecil (Biru);Pcs;1200
Spidol Snowman Kecil (Hijau);Pcs;1200
Spidol Snowman Kecil (Hitam);Pcs;1200
Spidol Snowman Kecil (Kuning);Pcs;1200
Spidol Snowman Kecil (Merah);Pcs;1200
Spidol Snowman Kecil 12 Warna;Set;14400
Spidol Whiteboard (Biru) Snowman ABG12;Pcs;5500
Spidol Whiteboard (Biru) Snowman BG12;Pcs;6700
Spidol Whiteboard (Hijau) Snowman ABG12;Pcs;5500
Spidol Whiteboard (Hijau) Snowman BG12;Pcs;6700
Spidol Whiteboard (Hitam) Snowman ABG12;Pcs;5500
Spidol Whiteboard (Hitam) Snowman BG12;Pcs;6700
Spidol Whiteboard (Merah) Snowman ABG12;Pcs;5500
Spidol Whiteboard (Merah) Snowman BG12;Pcs;6700
Spidol Whiteboard Jumbo 850 (Biru) Snowman;Pcs;15500
Spidol Whiteboard Jumbo 850 (Hitam) Snowman;Pcs;15500
Spidol Whiteboard Jumbo 850 (Merah) Snowman;Pcs;15500
Spin Mop BM-45 Livina Merk Lion Star;Pcs;195000
Spon Busa ID-T36N Basic Scoth Brite 3M;Pcs;3500
Spon Busa LAM-Std/1-29 / ID-30 - Scotch Brite 3M;Pcs;6000
Spon Sabut Jaring ID-T60 Merk Scoth Brite 3M;Pcs;5000
Spon Stainless ID-T57N Basic Merk Scoth Brite 3M;Pcs;5500
Spring File (Biru) Merk Inter X;Pcs;6500
Spring File (Hijau) Merk Inter X;Pcs;6500
Spring File (Hitam) Merk Inter X;Pcs;6500
Spring File (Kuning) Merk Inter X;Pcs;6500
Spring File (Merah) Merk Inter X;Pcs;6500
Spring File (Orange) Merk Inter X;Pcs;6500
Stabilo Bantex 3501 / 3511 Biru;Pcs;8595
Stabilo Bantex 3501 / 3511 Hijau;Pcs;8595
Stabilo Bantex 3501 / 3511 Kuning;Pcs;8595
Stabilo Bantex 3501 / 3511 Orange;Pcs;8595
Stabilo Bantex 3501 / 3511 Pink;Pcs;8595
Stabilo Bantex 3501 / 3511 Ungu;Pcs;8595
Stabilo Boss Swing (Biru);Pcs;9500
Stabilo Boss Swing (Hijau);Pcs;9500
Stabilo Boss Swing (Kuning);Pcs;9500
Stabilo Boss Swing (Merah);Pcs;9500
Stabilo Boss Swing (Orange);Pcs;9500
Stabilo Boss Swing (Pink);Pcs;9500
Stabilo Boss Swing (Ungu);Pcs;9500
Stabilo Hijau Merk Boss;Pcs;10000
Stabilo HL-1 (Kuning) Merk Joyko;Pcs;4000
Stabilo HL-10 (Biru Pastel) Merk Joyko;Pcs;4000
Stabilo HL-11 (Hijau Pastel) Merk Joyko;Pcs;4000
Stabilo HL-2 (Hijau) Merk Joyko;Pcs;4000
Stabilo HL-3 (Biru) Merk Joyko;Pcs;4000
Stabilo HL-4 (Pink) Merk Joyko;Pcs;4000
Stabilo HL-5 (Orange) Merk Joyko;Pcs;4000
Stabilo HL-6 (Kuning Pastel) Merk Joyko;Pcs;4000
Stabilo HL-7 (Pink Pastel) Merk Joyko;Pcs;4000
Stabilo HL-8 (Orange Pastel) Merk Joyko;Pcs;4000
Stabilo HL-9 (Ungu Pastel) Merk Joyko;Pcs;4000
Stabilo Kuning Merk Boss;Pcs;10000
Stabilo Merah Merk Boss;Pcs;10000
Stabilo Orange Merk Boss;Pcs;10000
Stabilo Pink Merk Boss;Pcs;10000
Stabilo Ungu Merk Boss;Pcs;10000
Stample Angka N-38 Merk Kenko;Pcs;10000
Stample Angka N-8 Merk Joyko;Pcs;9500
Stample Lunas Merk Joyko;Pcs;9500
Stample Lunas S-71 Merk Joyko;Pcs;24000
Stample Paid Merk Joyko;Pcs;10000
Stample Tgl, Bln, Thn D3/ D4 - Joyko/ Kenko;Pcs;9500
Stapler HD 10  Merk Etona;Pcs;8500
Stapler HD 10 (HS 10 Y) Merk Kangaro;Pcs;15500
Stapler HD 10 D Merk Joyko;Pcs;11000
Stapler HD 10 D Merk Kenko;Pcs;11000
Stapler HD 10 D Merk Max;Pcs;45000
Stapler HD 10 Merk Joyko;Pcs;7500
Stapler HD 10 Merk Kenko;Pcs;7500
Stapler HD 10 Merk Max;Pcs;15500
Stapler HD 12A/13 Merk Joyko;Pcs;95000
Stapler HD 30 Merk Joyko;Pcs;23500
Stapler HD 50 (Aries-35) Merk Kangaro;Pcs;32000
Stapler HD 50 / HD 50 CL Merk Joyko;Pcs;19500
Stapler HD 50 Merk Kenko;Pcs;19500
Stapler HD 50 Merk Max;Pcs;65000
Stapler HD-10L Merk Kenko;Pcs;18500
Stella Botol Spray Aerosol 350ml / 400ml;Pcs;24000
Stella Freshmat Dispenser + Refill;Pcs;70000
Stella Pewangi Gantung Kamar Mandi (POCKET);Pcs;12500
Steroform 40 x 60;Pcs;5500
Sunlight 4,5 / 5 Liter;Drigen;92000
Susu Kental Manis (Putih) 370 gram Cap Enak;Kaleng;11500
Susu Kental Manis Putih 40 Gr - Frisian Flag;Pcs;1750
Tali ID Yoyo (Biru);Pcs;2000
Tali ID Yoyo (Hijau);Pcs;2000
Tali ID Yoyo (Hitam);Pcs;2000
Tali ID Yoyo (Kuning);Pcs;2000
Tali ID Yoyo (Merah);Pcs;2000
Tali Rapiah Besar - Swan;Pcs;15000
Tatakan Cutter A1 1009 (90 x 60 x 0,3 Cm) Merk SDI;Pcs;265000
Tatakan Mouse RP01/ RP05-S - Robot;Pcs;9500
Teh Cap Botol Hijau 40 Gr;Pcs;5500
Teh Celup Poci @25;Pak;8500
Teh Celup Sariwangi @ 100 pcs;Pak;23500
Teh Celup Sariwangi @ 25pcs;Pak;6500
Teh Celup Sariwangi @ 50pcs;Pak;14500
Teh Tong Tji  @25;Pak;14500
Teh Tong Tji @100;Pak;57500
Tempat CD Kertas @100;Pak;25000
Tempat Pensil Keranjang DS-16 / DS-17 - Joyko;Pcs;12500
Tempat Pensil Keranjang E 9172 Deli;Pcs;13500
Tempat Sampah + Pedal 10 Liter SIP 840 S  - Shinpo;Pcs;84000
Tempat Sampah + Pedal 50 Liter SIP 750AB - Shinpo;Pcs;136000
Tempat Sampah 10 Liter SIP 820 M Shinpo;Pcs;27000
Tempat Sampah 15 Liter SIP 820 L Shinpo;Pcs;38000
Tempat Tissue Kotak TR-5 Lion Star;Pcs;34000
Tinta Blue Print Canon (Black);Pcs;42500
Tinta Blue Print Canon (Cyan);Pcs;42500
Tinta Blue Print Canon (Magenta);Pcs;42500
Tinta Blue Print Canon (Yellow);Pcs;42500
Tinta Blue Print Epson (Black);Pcs;42500
Tinta Blue Print Epson (Cyan);Pcs;42500
Tinta Blue Print Epson (Magenta);Pcs;42500
Tinta Blue Print Epson (Yellow);Pcs;42500
Tinta Botol Cair 790 (Black) Canon;Pcs;122000
Tinta Botol Cair 790 (Cyan) Canon;Pcs;112000
Tinta Botol Cair 790 (Magenta) Canon;Pcs;112000
Tinta Botol Cair 790 (Yellow) Canon;Pcs;112000
Tinta Brother BT 5000 (Cyan);Pcs;105000
Tinta Brother BT 5000 (Magenta);Pcs;105000
Tinta Brother BT 5000 (Yellow);Pcs;105000
Tinta Brother BT 6000 (Black);Pcs;105000
Tinta Brother BT D100BK Black;Pcs;100000
Tinta Brother BT D100C Cyan;Pcs;100000
Tinta Brother BT D100M Magenta;Pcs;100000
Tinta Brother BT D100Y Yellow;Pcs;100000
Tinta Brother D 60 Black;Pcs;105000
Tinta Canon 2700 - Black;Pcs;365000
Tinta Canon 2700 - Cyan;Pcs;255000
Tinta Canon 2700 - Magenta;Pcs;255000
Tinta Canon 2700 - Yellow;Pcs;255000
Tinta Canon 47 (Black);Pcs;135000
Tinta Canon 71 (135ml) Black;Pcs;136000
Tinta Canon 71 (70ml) Cyan;Pcs;117000
Tinta Canon 71 (70ml) Magenta;Pcs;117000
Tinta Canon 71 (70ml) Yellow;Pcs;117000
Tinta Canon 751 (Cyan);Pcs;220000
Tinta Canon 751 (Yellow);Pcs;220000
Tinta Canon CL 811 Colour;Pcs;291000
Tinta Canon PG 810 Black;Pcs;236500
Tinta Data Print DP 27 HP Hitam;Pcs;33000
Tinta Data Print DP 40 Canon Hitam;Pcs;32500
Tinta Epson 001 Black 127ml C13T03Y100;Pcs;180000
Tinta Epson 001 Cyan 70ml C13T03Y200;Pcs;120000
Tinta Epson 001 Magenta 70ml C13T03Y300;Pcs;120000
Tinta Epson 001 Yellow 70ml C13T03Y400;Pcs;120000
Tinta Epson 003 (Black);Pcs;88000
Tinta Epson 003 (Cyan);Pcs;88000
Tinta Epson 003 (Magenta);Pcs;88000
Tinta Epson 003 (Yellow);Pcs;88000
Tinta Epson 005 (Black);Pcs;156000
Tinta Epson 008 (Black);Pcs;279000
Tinta Epson 008 (Cyan);Pcs;224000
Tinta Epson 008 (Magenta);Pcs;224000
Tinta Epson 008 (Yellow);Pcs;224000
Tinta Epson 057 (Black);Pcs;204000
Tinta Epson 057 (Magenta);Pcs;204000
Tinta Epson Botol T 6733 (Magenta);Pcs;142000
Tinta Epson Botol T 6734 (Yellow);Pcs;142000
Tinta Epson Botol T 6735 (Light Cyan);Pcs;142000
Tinta Epson Botol T 6736 (Light Magenta);Pcs;142000
Tinta Epson L 100 (6641) Black;Pcs;88000
Tinta Epson L 100 (6642) Cyan;Pcs;88000
Tinta Epson L 100 (6643) Magenta;Pcs;88000
Tinta Epson L 100 (6644) Yellow;Pcs;88000
Tinta Epson T 7741 (Black);Pcs;195000
Tinta HP 678 (Black);Pcs;172000
Tinta HP 678 (Colour);Pcs;172000
Tinta HP 680 Black;Pcs;159000
Tinta HP 680 Colour;Pcs;159000
Tinta HP 682 Black;Pcs;167000
Tinta HP 682 Colour;Pcs;167000
Tinta HP 704 (Black);Pcs;162000
Tinta HP 704 (Colour);Pcs;162000
Tinta HP 802 (Black);Pcs;156000
Tinta HP 802 (Colour);Pcs;248000
Tinta HP 803 (Black);Pcs;177000
Tinta HP 803 (Colour);Pcs;280000
Tinta HP 955 XL (Black);Pcs;755000
Tinta HP GT 52 (Cyan);Pcs;90000
Tinta HP GT 52 (Magenta);Pcs;90000
Tinta HP GT 52 (Yellow);Pcs;90000
Tinta HP GT 53 (Black);Pcs;95000
Tinta HP GT 53 XL (Black);Pcs;115000
Tinta Lion Metal (Biru);Pcs;38000
Tinta Lion Metal (Hitam);Pcs;38000
Tinta Lion Metal (Merah);Pcs;38000
Tinta Literan U/ Epson (Black) - Lorean;Pcs;127000
Tinta Literan U/ Epson (Cyan) - Lorean;Pcs;127000
Tinta Literan U/ Epson (Magenta) - Lorean;Pcs;127000
Tinta Literan U/ Epson (Yellow) - Lorean;Pcs;127000
Tinta Price Labelier (18mm) 2Line Mx 6600;Pcs;5000
Tinta Price Labelier (20mm) 1Line Mx 5500;Pcs;5000
Tinta Shiny S-61 Hitam;Pcs;60000
Tinta Shiny S-62 Merah;Pcs;61000
Tinta Shiny S-63 Biru;Pcs;62000
Tinta Shiny S-65 Hijau;Pcs;60000
Tinta Stample (Biru) Merk Joyko;Pcs;5500
Tinta Stample (Hijau) Merk Joyko;Pcs;5500
Tinta Stample (Hitam) Merk Joyko;Pcs;5500
Tinta Stample (Merah) Merk Joyko;Pcs;5500
Tinta Stample (Ungu) Merk Joyko;Pcs;5500
Tinta Stample 801 Colop Hijau 25 Ml;Pcs;62500
Tinta Stample Biru - Yamura;Pcs;10500
Tinta Stample Biru Merk Artline;Pcs;23000
Tinta Stample Biru Merk Pyramid;Pcs;6500
Tinta Stample Hijau - Yamura;Pcs;10500
Tinta Stample Hijau Merk Artline;Pcs;23000
Tinta Stample Hijau Merk Pyramid;Pcs;6500
Tinta Stample Hitam Merk Artline;Pcs;23000
Tinta Stample Hitam Merk Pyramid;Pcs;6500
Tinta Stample Manis Biru;Pcs;9500
Tinta Stample Manis Hijau;Pcs;9500
Tinta Stample Manis Hitam;Pcs;9500
Tinta Stample Manis Merah;Pcs;9500
Tinta Stample Manis Ungu;Pcs;9500
Tinta Stample Merah - Yamura;Pcs;10500
Tinta Stample Merah Merk Artline;Pcs;23000
Tinta Stample Merah Merk Pyramid;Pcs;6500
Tinta Stample Otomatis 10 Ml;Pcs;12500
Tinta Stample Otomatis 10ml (Biru) - Neo;Pcs;9500
Tinta Stample Otomatis 10ml (Hijau) - Neo;Pcs;9500
Tinta Stample Otomatis 10ml (Hitam) - Neo;Pcs;9500
Tinta Stample Otomatis 10ml (Merah) - Neo;Pcs;9500
Tinta Stample Otomatis 10ml (Ungu) - Neo;Pcs;9500
Tinta Stample Otomatis Biru - Victory / Prince;Pcs;10000
Tinta Stample Otomatis Hijau - Victory / Prince;Pcs;10000
Tinta Stample Otomatis Hitam - Victory / Prince;Pcs;10000
Tinta Stample Otomatis Merah - Victory / Prince;Pcs;10000
Tinta Stample Ungu - Yamura;Pcs;10500
Tinta Stample Ungu Merk Artline;Pcs;23000
Tinta Stample Ungu Merk Pyramid;Pcs;6500
Tinta Trodat 7011 25ml (Biru);Pcs;48500
Tinta Trodat 7011 25ml (Hijau);Pcs;48500
Tinta Trodat 7011 25ml (Hitam);Pcs;48500
Tinta Trodat 7011 25ml (Merah);Pcs;48500
Tinta Trodat 7011 25ml (Ungu);Pcs;48500
Tinta Trodat 7081 25ml Biru;Pcs;82000
Tinta Trodat 7081 25ML Hijau;Pcs;82000
Tinta Trodat 7081 25ml Hitam;Pcs;82000
Tinta Trodat 7081 25ml Merah;Pcs;82000
Tip Ex Kertas + Reffil (169451R/169463R) Merk Faber Castel;Pcs;25000
Tip Ex Kertas + Reffil (QJR-506) 169454R - Faber Castel;Pcs;24000
Tip Ex Kertas 169401N/ ENN 506 Merk Faber Castel;Pcs;13500
Tip Ex Kertas CT 902 Merk Kenko;Pcs;5000
Tip Ex Model Botol Merk Joyko;Pcs;5000
Tip Ex Model Botol Merk Kenko KE01;Pcs;5000
Tip Ex Model Botol ZL C1-W 18ml Merk Pentel;Pcs;29500
Tip Ex Model Pen Merk Joyko;Pcs;5000
Tip Ex Model Pen ZL 62-W 7ml Merk Pentel;Pcs;32500
Tip Ex Model Stabilo CF-S225 / CF-S209 - Joyko;Pcs;5000
Tip Ex Model Stabilo ZL 31-W 12ml Merk Pentel;Pcs;32500
Tip Ex Roler Kertas CT-522 Merk Joyko;Pcs;5500
Tissue 1Kg / 1000 Gr 2ply MP08 - Multi;Pcs;33000
Tissue 250 Sheet See U;Pcs;8500
Tissue 250s 2ply TP22 - Tessa;Pcs;9000
Tissue 554 Gr Merk Livi;Pcs;21000
Tissue Bathroom 6 roll x 328s 2Ply PB02 -Tessa;Pak;33000
Tissue Hand Towel (Tisu Pengesat) THSN 01 - Tessa;Pcs;18750
Tissue Hand Towel 150s (Premium/ Essential) Livi (Biru);Pcs;10000
Tissue Kitchen Towel Paseo Elegant;Pcs;11000
Tissue Kotak @120s - Tessa;Pcs;14500
Tissue Livi Roll Elegant 238s;Roll;3500
Tissue Livi Smart Due Toilet  Roll  205s;Roll;2050
Tissue Mitu Fresh & Clean 60s (Botol);Pcs;22000
Tissue Nice 1000 gr/ 2000 Helai;Pcs;38000
Tissue Nice 250s / 500 helai;Pcs;11000
Tissue Nice 360 helai;Pcs;7000
Tissue Paseo Elegant (Luxuriously Soft) 250s/ 510 helai;Pcs;19000
Tissue Paseo Smart 250s/ 500+40ply;Pcs;11000
Tissue Roll Jumbo Merk Livi;Pcs;19000
Tissue Roll Nice 460+50 helai;Pcs;4500
Tissue Toilet Paseo Elegant @12;Pak;82000
Tissue Toilet See-U;Pak;22000
Tolak Angin Cair Sachet;Pcs;4000
Toner CE285/ CB435 / CRG-325 - Laser;Pcs;135000
Toner HP 107 A;Pcs;755000
Toner Premium Eprint 285A;Pcs;195000
Trigonal Clip No. 1 Merk Atom;Box;4300
Trigonal Clip No. 1 Merk Joyko;Box;1800
Trigonal Clip No. 1 Merk Kenko;Box;1900
Trigonal Clip No. 3 Merk Joyko;Box;1600
Trigonal Clip No. 3 Merk Kenko;Box;1800
Trigonal Clip Warna Kecil No. 3 Joyko;Box;4500
Trigonal Clip Warna Kecil No. 3 Kenko;Box;4500
Trodat Finger Print 9094;Pcs;56000
Tusukan Bon / Card Rock;Pcs;11000
Tusukan Gigi;Box;32000
USB 128 GB Merk Sandisk;Pcs;185000
USB 16 GB Merk Sandisk;Pcs;105000
USB 32 GB Merk Sandisk;Pcs;121000
USB 64 GB Merk Sandisk;Pcs;155000
USB 64 GB OTG Merk Sandisk;Pcs;430000
USB HUB 3.0 4 Port 4 Switch - Mtech / Gaintech;Pcs;80000
Vape Spray 600 Ml;Pcs;45000
WD 40 333ml;Pcs;80000
WD 40 382 ml;Pcs;88000
Wet Tissue @2 50s - Paseo;Set;14000
Whiteboard Set WBS-170 CO;Pcs;22000
Wipol Botol 750 ml;Pcs;34500
Yuri Handsoap 410 Ml;Pcs;33000
Zipper Pocket A4 Bambi 5131;Pcs;31000
Zipper Pocket F4 (Bambi 5130);Pcs;35000
